name	payload	skipped	ordinal	offset	enabled	first	last	resource
base_0_0_0	00000000000000000000000004000000000000000000000000000000000000000000000000000000000000000000000000000000000000000000000000000000000000000000000000000000000000000000000000000000000000000000000000000000003322110000ff00ffffefbe000000000010ff10feffefbe000000000020ff20fdffefbe000000000030ff30fcffefbe	0	0	100	0	0	255	65535
base_0_0_1	00000000000000000000000004000000000000000000000000000000000000000000000000000000000000000000000000000000000000000000000000000000000000000000000000000000000000000000000000000000000000000000000000000000013322110000ff00ffffefbe000000000010ff10feffefbe000000000020ff20fdffefbe000000000030ff30fcffefbe	0	0	100	1	0	255	65535
base_0_0_128	00000000000000000000000004000000000000000000000000000000000000000000000000000000000000000000000000000000000000000000000000000000000000000000000000000000000000000000000000000000000000000000000000000000803322110000ff00ffffefbe000000000010ff10feffefbe000000000020ff20fdffefbe000000000030ff30fcffefbe	0	0	100	1	0	255	65535
base_0_1_0	00000000010000000000000004000000000000000000000000000000000000000000000000000000000000000000000000000000000000000000000000000000000000000000000000000000000000000000000000000000000000000000000000000000000000000000ff00ffffefbe003322110010ff10feffefbe000000000020ff20fdffefbe000000000030ff30fcffefbe	0	1	112	0	4096	4351	65534
base_0_1_1	00000000010000000000000004000000000000000000000000000000000000000000000000000000000000000000000000000000000000000000000000000000000000000000000000000000000000000000000000000000000000000000000000000000000000000000ff00ffffefbe013322110010ff10feffefbe000000000020ff20fdffefbe000000000030ff30fcffefbe	0	1	112	1	4096	4351	65534
base_0_1_128	00000000010000000000000004000000000000000000000000000000000000000000000000000000000000000000000000000000000000000000000000000000000000000000000000000000000000000000000000000000000000000000000000000000000000000000ff00ffffefbe803322110010ff10feffefbe000000000020ff20fdffefbe000000000030ff30fcffefbe	0	1	112	1	4096	4351	65534
base_0_3_0	00000000030000000000000004000000000000000000000000000000000000000000000000000000000000000000000000000000000000000000000000000000000000000000000000000000000000000000000000000000000000000000000000000000000000000000ff00ffffefbe000000000010ff10feffefbe000000000020ff20fdffefbe003322110030ff30fcffefbe	0	3	136	0	12288	12543	65532
base_0_3_1	00000000030000000000000004000000000000000000000000000000000000000000000000000000000000000000000000000000000000000000000000000000000000000000000000000000000000000000000000000000000000000000000000000000000000000000ff00ffffefbe000000000010ff10feffefbe000000000020ff20fdffefbe013322110030ff30fcffefbe	0	3	136	1	12288	12543	65532
base_0_3_128	00000000030000000000000004000000000000000000000000000000000000000000000000000000000000000000000000000000000000000000000000000000000000000000000000000000000000000000000000000000000000000000000000000000000000000000ff00ffffefbe000000000010ff10feffefbe000000000020ff20fdffefbe803322110030ff30fcffefbe	0	3	136	1	12288	12543	65532
base_16_0_0	10000000000000000000000004000000000000000000000000000000000000000000000000000000000000000000000000000000000000000000000000000000000000000000000000000000000000000000000000000000000000000000000000000000003322110000ff00ffffefbe000000000010ff10feffefbe000000000020ff20fdffefbe000000000030ff30fcffefbe	0	0	100	0	0	255	65535
base_16_0_1	10000000000000000000000004000000000000000000000000000000000000000000000000000000000000000000000000000000000000000000000000000000000000000000000000000000000000000000000000000000000000000000000000000000013322110000ff00ffffefbe000000000010ff10feffefbe000000000020ff20fdffefbe000000000030ff30fcffefbe	0	0	100	1	0	255	65535
base_16_0_128	10000000000000000000000004000000000000000000000000000000000000000000000000000000000000000000000000000000000000000000000000000000000000000000000000000000000000000000000000000000000000000000000000000000803322110000ff00ffffefbe000000000010ff10feffefbe000000000020ff20fdffefbe000000000030ff30fcffefbe	0	0	100	1	0	255	65535
base_16_1_0	10000000010000000000000004000000000000000000000000000000000000000000000000000000000000000000000000000000000000000000000000000000000000000000000000000000000000000000000000000000000000000000000000000000000000000000ff00ffffefbe003322110010ff10feffefbe000000000020ff20fdffefbe000000000030ff30fcffefbe	0	1	112	0	4096	4351	65534
base_16_1_1	10000000010000000000000004000000000000000000000000000000000000000000000000000000000000000000000000000000000000000000000000000000000000000000000000000000000000000000000000000000000000000000000000000000000000000000ff00ffffefbe013322110010ff10feffefbe000000000020ff20fdffefbe000000000030ff30fcffefbe	0	1	112	1	4096	4351	65534
base_16_1_128	10000000010000000000000004000000000000000000000000000000000000000000000000000000000000000000000000000000000000000000000000000000000000000000000000000000000000000000000000000000000000000000000000000000000000000000ff00ffffefbe803322110010ff10feffefbe000000000020ff20fdffefbe000000000030ff30fcffefbe	0	1	112	1	4096	4351	65534
base_16_3_0	10000000030000000000000004000000000000000000000000000000000000000000000000000000000000000000000000000000000000000000000000000000000000000000000000000000000000000000000000000000000000000000000000000000000000000000ff00ffffefbe000000000010ff10feffefbe000000000020ff20fdffefbe003322110030ff30fcffefbe	0	3	136	0	12288	12543	65532
base_16_3_1	10000000030000000000000004000000000000000000000000000000000000000000000000000000000000000000000000000000000000000000000000000000000000000000000000000000000000000000000000000000000000000000000000000000000000000000ff00ffffefbe000000000010ff10feffefbe000000000020ff20fdffefbe013322110030ff30fcffefbe	0	3	136	1	12288	12543	65532
base_16_3_128	10000000030000000000000004000000000000000000000000000000000000000000000000000000000000000000000000000000000000000000000000000000000000000000000000000000000000000000000000000000000000000000000000000000000000000000ff00ffffefbe000000000010ff10feffefbe000000000020ff20fdffefbe803322110030ff30fcffefbe	0	3	136	1	12288	12543	65532
base_64_0_0	40000000000000000000000004000000000000000000000000000000000000000000000000000000000000000000000000000000000000000000000000000000000000000000000000000000000000000000000000000000000000000000000000000000003322110000ff00ffffefbe000000000010ff10feffefbe000000000020ff20fdffefbe000000000030ff30fcffefbe	1	0	100	0	0	255	65535
base_64_0_1	40000000000000000000000004000000000000000000000000000000000000000000000000000000000000000000000000000000000000000000000000000000000000000000000000000000000000000000000000000000000000000000000000000000013322110000ff00ffffefbe000000000010ff10feffefbe000000000020ff20fdffefbe000000000030ff30fcffefbe	1	0	100	1	0	255	65535
base_64_0_128	40000000000000000000000004000000000000000000000000000000000000000000000000000000000000000000000000000000000000000000000000000000000000000000000000000000000000000000000000000000000000000000000000000000803322110000ff00ffffefbe000000000010ff10feffefbe000000000020ff20fdffefbe000000000030ff30fcffefbe	1	0	100	1	0	255	65535
base_64_1_0	40000000010000000000000004000000000000000000000000000000000000000000000000000000000000000000000000000000000000000000000000000000000000000000000000000000000000000000000000000000000000000000000000000000000000000000ff00ffffefbe003322110010ff10feffefbe000000000020ff20fdffefbe000000000030ff30fcffefbe	1	1	112	0	4096	4351	65534
base_64_1_1	40000000010000000000000004000000000000000000000000000000000000000000000000000000000000000000000000000000000000000000000000000000000000000000000000000000000000000000000000000000000000000000000000000000000000000000ff00ffffefbe013322110010ff10feffefbe000000000020ff20fdffefbe000000000030ff30fcffefbe	1	1	112	1	4096	4351	65534
base_64_1_128	40000000010000000000000004000000000000000000000000000000000000000000000000000000000000000000000000000000000000000000000000000000000000000000000000000000000000000000000000000000000000000000000000000000000000000000ff00ffffefbe803322110010ff10feffefbe000000000020ff20fdffefbe000000000030ff30fcffefbe	1	1	112	1	4096	4351	65534
base_64_3_0	40000000030000000000000004000000000000000000000000000000000000000000000000000000000000000000000000000000000000000000000000000000000000000000000000000000000000000000000000000000000000000000000000000000000000000000ff00ffffefbe000000000010ff10feffefbe000000000020ff20fdffefbe003322110030ff30fcffefbe	1	3	136	0	12288	12543	65532
base_64_3_1	40000000030000000000000004000000000000000000000000000000000000000000000000000000000000000000000000000000000000000000000000000000000000000000000000000000000000000000000000000000000000000000000000000000000000000000ff00ffffefbe000000000010ff10feffefbe000000000020ff20fdffefbe013322110030ff30fcffefbe	1	3	136	1	12288	12543	65532
base_64_3_128	40000000030000000000000004000000000000000000000000000000000000000000000000000000000000000000000000000000000000000000000000000000000000000000000000000000000000000000000000000000000000000000000000000000000000000000ff00ffffefbe000000000010ff10feffefbe000000000020ff20fdffefbe803322110030ff30fcffefbe	1	3	136	1	12288	12543	65532
base_80_0_0	50000000000000000000000004000000000000000000000000000000000000000000000000000000000000000000000000000000000000000000000000000000000000000000000000000000000000000000000000000000000000000000000000000000003322110000ff00ffffefbe000000000010ff10feffefbe000000000020ff20fdffefbe000000000030ff30fcffefbe	1	0	100	0	0	255	65535
base_80_0_1	50000000000000000000000004000000000000000000000000000000000000000000000000000000000000000000000000000000000000000000000000000000000000000000000000000000000000000000000000000000000000000000000000000000013322110000ff00ffffefbe000000000010ff10feffefbe000000000020ff20fdffefbe000000000030ff30fcffefbe	1	0	100	1	0	255	65535
base_80_0_128	50000000000000000000000004000000000000000000000000000000000000000000000000000000000000000000000000000000000000000000000000000000000000000000000000000000000000000000000000000000000000000000000000000000803322110000ff00ffffefbe000000000010ff10feffefbe000000000020ff20fdffefbe000000000030ff30fcffefbe	1	0	100	1	0	255	65535
base_80_1_0	50000000010000000000000004000000000000000000000000000000000000000000000000000000000000000000000000000000000000000000000000000000000000000000000000000000000000000000000000000000000000000000000000000000000000000000ff00ffffefbe003322110010ff10feffefbe000000000020ff20fdffefbe000000000030ff30fcffefbe	1	1	112	0	4096	4351	65534
base_80_1_1	50000000010000000000000004000000000000000000000000000000000000000000000000000000000000000000000000000000000000000000000000000000000000000000000000000000000000000000000000000000000000000000000000000000000000000000ff00ffffefbe013322110010ff10feffefbe000000000020ff20fdffefbe000000000030ff30fcffefbe	1	1	112	1	4096	4351	65534
base_80_1_128	50000000010000000000000004000000000000000000000000000000000000000000000000000000000000000000000000000000000000000000000000000000000000000000000000000000000000000000000000000000000000000000000000000000000000000000ff00ffffefbe803322110010ff10feffefbe000000000020ff20fdffefbe000000000030ff30fcffefbe	1	1	112	1	4096	4351	65534
base_80_3_0	50000000030000000000000004000000000000000000000000000000000000000000000000000000000000000000000000000000000000000000000000000000000000000000000000000000000000000000000000000000000000000000000000000000000000000000ff00ffffefbe000000000010ff10feffefbe000000000020ff20fdffefbe003322110030ff30fcffefbe	1	3	136	0	12288	12543	65532
base_80_3_1	50000000030000000000000004000000000000000000000000000000000000000000000000000000000000000000000000000000000000000000000000000000000000000000000000000000000000000000000000000000000000000000000000000000000000000000ff00ffffefbe000000000010ff10feffefbe000000000020ff20fdffefbe013322110030ff30fcffefbe	1	3	136	1	12288	12543	65532
base_80_3_128	50000000030000000000000004000000000000000000000000000000000000000000000000000000000000000000000000000000000000000000000000000000000000000000000000000000000000000000000000000000000000000000000000000000000000000000ff00ffffefbe000000000010ff10feffefbe000000000020ff20fdffefbe803322110030ff30fcffefbe	1	3	136	1	12288	12543	65532
base_128_0_0	80000000000000000000000004000000000000000000000000000000000000000000000000000000000000000000000000000000000000000000000000000000000000000000000000000000000000000000000000000000000000000000000000000000003322110000ff00ffffefbe000000000010ff10feffefbe000000000020ff20fdffefbe000000000030ff30fcffefbe	0	0	100	0	0	255	65535
base_128_0_1	80000000000000000000000004000000000000000000000000000000000000000000000000000000000000000000000000000000000000000000000000000000000000000000000000000000000000000000000000000000000000000000000000000000013322110000ff00ffffefbe000000000010ff10feffefbe000000000020ff20fdffefbe000000000030ff30fcffefbe	0	0	100	1	0	255	65535
base_128_0_128	80000000000000000000000004000000000000000000000000000000000000000000000000000000000000000000000000000000000000000000000000000000000000000000000000000000000000000000000000000000000000000000000000000000803322110000ff00ffffefbe000000000010ff10feffefbe000000000020ff20fdffefbe000000000030ff30fcffefbe	0	0	100	1	0	255	65535
base_128_1_0	80000000010000000000000004000000000000000000000000000000000000000000000000000000000000000000000000000000000000000000000000000000000000000000000000000000000000000000000000000000000000000000000000000000000000000000ff00ffffefbe003322110010ff10feffefbe000000000020ff20fdffefbe000000000030ff30fcffefbe	0	1	112	0	4096	4351	65534
base_128_1_1	80000000010000000000000004000000000000000000000000000000000000000000000000000000000000000000000000000000000000000000000000000000000000000000000000000000000000000000000000000000000000000000000000000000000000000000ff00ffffefbe013322110010ff10feffefbe000000000020ff20fdffefbe000000000030ff30fcffefbe	0	1	112	1	4096	4351	65534
base_128_1_128	80000000010000000000000004000000000000000000000000000000000000000000000000000000000000000000000000000000000000000000000000000000000000000000000000000000000000000000000000000000000000000000000000000000000000000000ff00ffffefbe803322110010ff10feffefbe000000000020ff20fdffefbe000000000030ff30fcffefbe	0	1	112	1	4096	4351	65534
base_128_3_0	80000000030000000000000004000000000000000000000000000000000000000000000000000000000000000000000000000000000000000000000000000000000000000000000000000000000000000000000000000000000000000000000000000000000000000000ff00ffffefbe000000000010ff10feffefbe000000000020ff20fdffefbe003322110030ff30fcffefbe	0	3	136	0	12288	12543	65532
base_128_3_1	80000000030000000000000004000000000000000000000000000000000000000000000000000000000000000000000000000000000000000000000000000000000000000000000000000000000000000000000000000000000000000000000000000000000000000000ff00ffffefbe000000000010ff10feffefbe000000000020ff20fdffefbe013322110030ff30fcffefbe	0	3	136	1	12288	12543	65532
base_128_3_128	80000000030000000000000004000000000000000000000000000000000000000000000000000000000000000000000000000000000000000000000000000000000000000000000000000000000000000000000000000000000000000000000000000000000000000000ff00ffffefbe000000000010ff10feffefbe000000000020ff20fdffefbe803322110030ff30fcffefbe	0	3	136	1	12288	12543	65532
alps_base	1006010000000000000000000300000001000000e97280c31c79434357a965c564f751c3e0dd44433a2164c50b1b6dc3972944434ad164c50000803f52d2df4152d2df410000000000000000000000000000000000000000000000000000000000000000010000000000ff0f00009600010000000010ff1f0100fa00010000000020ff2f0200ffff	0	0	100	1	0	4095	0
autobahn_base	1107000000000000000000000200000001000000bff31045be0b14c29c7e7c455a0911458f1998c1baaf7c45eb001145d859e1c1f2947c450000803f6f0314416f0314410000000000000000000000000000000000000000000000000000000000000000010100000000ff0f0000b400010100000010ff1f0100e803	0	0	100	1	0	4095	0
canyon_base	0106000000000000000000000100000001000000235a81c46103db427ce899c4ad4681c4290adc4223d399c4645081c4b386db42d2dd99c40000803f45bfd13e45bfd13e4255534800000000000000000000000000000000000000000000000000000000010000000000ff0f00001027	0	0	100	1	0	4095	0
castle_base	0106000000000000000000000100000001000000cc5c28c39ff67b42c8162dc5c51c27c3745b80420a032dc538d227c3678c7d42db0e2dc50000803f590b8b3f590b8b3f50494c5200000000000000000000000000000000000000000000000000000000010000000000ff0f00001027	0	0	100	1	0	4095	0
coastal_base	1106000000000000000000000100000001000000c7d1104553065742b2a3d24440eb13459811d342b115da44da3d12455048a44223c2d5440000803fca002942ca0029420000000000000000000000000000000000000000000000000000000000000000010000000000ff0f00001027	0	0	100	1	0	4095	0
farmland_base	1006010000000000000000000300000001000000c7c25fc5fc388cc0fb4c47c352df5cc5ab9888c0454b21c3505c5ec5d4688ac0b64233c30000803fe9c7dd41e9c7dd410000000000000000000000000000000000000000000000000000000000000000010000000000ff0f00009600010000000010ff1f01002c01010000000020ff2f0200f401	0	0	100	1	0	4095	0
foothills_base	110600000000000000000000020000000100000049c71545055b3d434951c4c4a22c19454cfe7443b717bcc4835e1745965f6243b0fac0c40000803f868c3442868c34420000000000000000000000000000000000000000000000000000000000000000010000000000ff0f00009600010000000010ff1f0100f401	0	0	100	1	0	4095	0
forest_base	100601000000000000000000030000000100000013c53f435708d242b74b00c319597043fc1ed6427e08edc2d82456436707d4424c44f5c20000803fb945d441b945d4410000000000000000000000000000000000000000000000000000000000000000010000000000ff0f00009600010000000010ff1f0100fa00010000000020ff2f0200e803	0	0	100	1	0	4095	0
industrial_base	1006000000000000000000000100000001000000bfefcfbf2829b0b8bea253bfa88fd03f62befa3f0053523f44c3863f4e7cc83f8bc5af3c0000803fa5a24040a5a2404044554d5000000000000000000000000000000000000000000000000000000000010000000000ff0f00001027	0	0	100	1	0	4095	0
monaco1_base	1006000000000000000000000100000001000000703c35c3012d0dc16aa9bac2b7a534c39021b3406b62b9c20ef134c36a6dcdc03449bac20000803fb6594041b659404150494c5200000000000000000000000000000000000000000000000000000000010000000000ff0f00001027	0	0	100	1	0	4095	0
monaco2_base	1107000000000000000000000100000001000000cf186043c6814541f1bd84c20bde614386f77441924775c2c41b614333375a4190937fc20000803fab203840ab2038400000000000000000000000000000000000000000000000000000000000000000010100000000ff0f00001027	0	0	100	1	0	4095	0
monaco3_base	11060000000000000000000001000000010000000cfca6c31bb0f6c155d56c440b5987c305c5e5c0f9607c44442998c3b8b4c3c1689375440000803f1b5f43421b5f43420000000000000000000000000000000000000000000000000000000000000000010000000000ff0f00001027	0	0	100	1	0	4095	0
monaco4_base	1107000000000000000000000100000001000000690df5c20ccbd04044bbd6c28aa6f1c246db1741949eccc228d1f2c2a332fa4000a9d1c20000803fa0f93740a0f937400000000000000000000000000000000000000000000000000000000000000000010100000000ff0f00001027	0	0	100	1	0	4095	0
monaco5_base	10060100000000000000000003000000010000006458aec3e2a92bc1c79aafc2a8a995c3f26722c1e5ec86c2c617a2c3ea0827c1b03b9dc20000803ffeffc741feffc7410000000000000000000000000000000000000000000000000000000000000000010000000000ff0f00005a00010000000010ff1f0100b400010000000020ff2f0200ffff	0	0	100	1	0	4095	0
skidpad_base	100600000000000000000000040000000100000012dae741505515bfb4984743863a8642505515bf1c0355439fe85242505515bf281a4e430000803f9999c0419999c0410000000000000000000000000000000000000000000000000000000000000000010000000000ff0f00001027010000000010ff1f01001027010000000020ff2f02001027010000000030ff3f03001027	0	0	100	1	0	4095	0
