parent	selector	packed	child0	child1	child2	child3	records
0	0	268451840	0	0	0	0	0
0	1	268451841	0	0	0	0	0
0	2	268435456	0	0	0	0	0
0	3	268435457	0	0	0	0	0
0	4	268435456	0	0	0	0	0
0	65535	268435456	0	0	0	0	0
0	2147483647	268435456	0	0	0	0	0
0	4294967295	268435456	0	0	0	0	0
4294967295	0	268435454	0	0	0	0	0
4294967295	1	268435455	0	0	0	0	0
4294967295	2	268419070	0	0	0	0	0
4294967295	3	268419071	0	0	0	0	0
4294967295	4	268419070	0	0	0	0	0
4294967295	65535	268419070	0	0	0	0	0
4294967295	2147483647	268419070	0	0	0	0	0
4294967295	4294967295	268419070	0	0	0	0	0
4026531840	0	16384	0	0	0	0	0
4026531840	1	16385	0	0	0	0	0
4026531840	2	0	0	0	0	0	0
4026531840	3	1	0	0	0	0	0
4026531840	4	0	0	0	0	0	0
4026531840	65535	0	0	0	0	0	0
4026531840	2147483647	0	0	0	0	0	0
4026531840	4294967295	0	0	0	0	0	0
268435455	0	536870910	0	0	0	0	0
268435455	1	536870911	0	0	0	0	0
268435455	2	536854526	0	0	0	0	0
268435455	3	536854527	0	0	0	0	0
268435455	4	536854526	0	0	0	0	0
268435455	65535	536854526	0	0	0	0	0
268435455	2147483647	536854526	0	0	0	0	0
268435455	4294967295	536854526	0	0	0	0	0
16383	0	268468222	0	0	0	0	0
16383	1	268468223	0	0	0	0	0
16383	2	268451838	0	0	0	0	0
16383	3	268451839	0	0	0	0	0
16383	4	268451838	0	0	0	0	0
16383	65535	268451838	0	0	0	0	0
16383	2147483647	268451838	0	0	0	0	0
16383	4294967295	268451838	0	0	0	0	0
268419072	0	536854528	0	0	0	0	0
268419072	1	536854529	0	0	0	0	0
268419072	2	536838144	0	0	0	0	0
268419072	3	536838145	0	0	0	0	0
268419072	4	536838144	0	0	0	0	0
268419072	65535	536838144	0	0	0	0	0
268419072	2147483647	536838144	0	0	0	0	0
268419072	4294967295	536838144	0	0	0	0	0
268435456	0	536887296	0	0	0	0	0
268435456	1	536887297	0	0	0	0	0
268435456	2	536870912	0	0	0	0	0
268435456	3	536870913	0	0	0	0	0
268435456	4	536870912	0	0	0	0	0
268435456	65535	536870912	0	0	0	0	0
268435456	2147483647	536870912	0	0	0	0	0
268435456	4294967295	536870912	0	0	0	0	0
2290649224	0	2433831184	0	0	0	0	0
2290649224	1	2433831185	0	0	0	0	0
2290649224	2	2433814800	0	0	0	0	0
2290649224	3	2433814801	0	0	0	0	0
2290649224	4	2433814800	0	0	0	0	0
2290649224	65535	2433814800	0	0	0	0	0
2290649224	2147483647	2433814800	0	0	0	0	0
2290649224	4294967295	2433814800	0	0	0	0	0
2732439777	0	3048960450	0	0	0	0	0
2732439777	1	3048960451	0	0	0	0	0
2732439777	2	3048944066	0	0	0	0	0
2732439777	3	3048944067	0	0	0	0	0
2732439777	4	3048944066	0	0	0	0	0
2732439777	65535	3048944066	0	0	0	0	0
2732439777	2147483647	3048944066	0	0	0	0	0
2732439777	4294967295	3048944066	0	0	0	0	0
3265386279	0	3577998926	0	0	0	0	0
3265386279	1	3577998927	0	0	0	0	0
3265386279	2	3577982542	0	0	0	0	0
3265386279	3	3577982543	0	0	0	0	0
3265386279	4	3577982542	0	0	0	0	0
3265386279	65535	3577982542	0	0	0	0	0
3265386279	2147483647	3577982542	0	0	0	0	0
3265386279	4294967295	3577982542	0	0	0	0	0
891002552	0	1245150576	0	0	0	0	0
891002552	1	1245150577	0	0	0	0	0
891002552	2	1245134192	0	0	0	0	0
891002552	3	1245134193	0	0	0	0	0
891002552	4	1245134192	0	0	0	0	0
891002552	65535	1245134192	0	0	0	0	0
891002552	2147483647	1245134192	0	0	0	0	0
891002552	4294967295	1245134192	0	0	0	0	0
2580933917	0	2745948730	0	0	0	0	0
2580933917	1	2745948731	0	0	0	0	0
2580933917	2	2745932346	0	0	0	0	0
2580933917	3	2745932347	0	0	0	0	0
2580933917	4	2745932346	0	0	0	0	0
2580933917	65535	2745932346	0	0	0	0	0
2580933917	2147483647	2745932346	0	0	0	0	0
2580933917	4294967295	2745932346	0	0	0	0	0
2295452692	0	2443438120	0	0	0	0	0
2295452692	1	2443438121	0	0	0	0	0
2295452692	2	2443421736	0	0	0	0	0
2295452692	3	2443421737	0	0	0	0	0
2295452692	4	2443421736	0	0	0	0	0
2295452692	65535	2443421736	0	0	0	0	0
2295452692	2147483647	2443421736	0	0	0	0	0
2295452692	4294967295	2443421736	0	0	0	0	0
2483912157	0	2820340666	0	0	0	0	0
2483912157	1	2820340667	0	0	0	0	0
2483912157	2	2820324282	0	0	0	0	0
2483912157	3	2820324283	0	0	0	0	0
2483912157	4	2820324282	0	0	0	0	0
2483912157	65535	2820324282	0	0	0	0	0
2483912157	2147483647	2820324282	0	0	0	0	0
2483912157	4294967295	2820324282	0	0	0	0	0
1513137330	0	1684097380	0	0	0	0	0
1513137330	1	1684097381	0	0	0	0	0
1513137330	2	1684080996	0	0	0	0	0
1513137330	3	1684080997	0	0	0	0	0
1513137330	4	1684080996	0	0	0	0	0
1513137330	65535	1684080996	0	0	0	0	0
1513137330	2147483647	1684080996	0	0	0	0	0
1513137330	4294967295	1684080996	0	0	0	0	0
3108818827	0	3264864022	0	0	0	0	0
3108818827	1	3264864023	0	0	0	0	0
3108818827	2	3264847638	0	0	0	0	0
3108818827	3	3264847639	0	0	0	0	0
3108818827	4	3264847638	0	0	0	0	0
3108818827	65535	3264847638	0	0	0	0	0
3108818827	2147483647	3264847638	0	0	0	0	0
3108818827	4294967295	3264847638	0	0	0	0	0
419120197	0	569821322	0	0	0	0	0
419120197	1	569821323	0	0	0	0	0
419120197	2	569804938	0	0	0	0	0
419120197	3	569804939	0	0	0	0	0
419120197	4	569804938	0	0	0	0	0
419120197	65535	569804938	0	0	0	0	0
419120197	2147483647	569804938	0	0	0	0	0
419120197	4294967295	569804938	0	0	0	0	0
2039942973	0	2200854138	0	0	0	0	0
2039942973	1	2200854139	0	0	0	0	0
2039942973	2	2200837754	0	0	0	0	0
2039942973	3	2200837755	0	0	0	0	0
2039942973	4	2200837754	0	0	0	0	0
2039942973	65535	2200837754	0	0	0	0	0
2039942973	2147483647	2200837754	0	0	0	0	0
2039942973	4294967295	2200837754	0	0	0	0	0
411002121	0	553568786	0	0	0	0	0
411002121	1	553568787	0	0	0	0	0
411002121	2	553552402	0	0	0	0	0
411002121	3	553552403	0	0	0	0	0
411002121	4	553552402	0	0	0	0	0
411002121	65535	553552402	0	0	0	0	0
411002121	2147483647	553552402	0	0	0	0	0
411002121	4294967295	553552402	0	0	0	0	0
680684627	0	824498342	0	0	0	0	0
680684627	1	824498343	0	0	0	0	0
680684627	2	824481958	0	0	0	0	0
680684627	3	824481959	0	0	0	0	0
680684627	4	824481958	0	0	0	0	0
680684627	65535	824481958	0	0	0	0	0
680684627	2147483647	824481958	0	0	0	0	0
680684627	4294967295	824481958	0	0	0	0	0
3734051054	0	3978457564	0	0	0	0	0
3734051054	1	3978457565	0	0	0	0	0
3734051054	2	3978441180	0	0	0	0	0
3734051054	3	3978441181	0	0	0	0	0
3734051054	4	3978441180	0	0	0	0	0
3734051054	65535	3978441180	0	0	0	0	0
3734051054	2147483647	3978441180	0	0	0	0	0
3734051054	4294967295	3978441180	0	0	0	0	0
3214416714	0	3476059796	0	0	0	0	0
3214416714	1	3476059797	0	0	0	0	0
3214416714	2	3476043412	0	0	0	0	0
3214416714	3	3476043413	0	0	0	0	0
3214416714	4	3476043412	0	0	0	0	0
3214416714	65535	3476043412	0	0	0	0	0
3214416714	2147483647	3476043412	0	0	0	0	0
3214416714	4294967295	3476043412	0	0	0	0	0
3550048726	0	3878871980	0	0	0	0	0
3550048726	1	3878871981	0	0	0	0	0
3550048726	2	3878855596	0	0	0	0	0
3550048726	3	3878855597	0	0	0	0	0
3550048726	4	3878855596	0	0	0	0	0
3550048726	65535	3878855596	0	0	0	0	0
3550048726	2147483647	3878855596	0	0	0	0	0
3550048726	4294967295	3878855596	0	0	0	0	0
2002105224	0	2393597712	0	0	0	0	0
2002105224	1	2393597713	0	0	0	0	0
2002105224	2	2393581328	0	0	0	0	0
2002105224	3	2393581329	0	0	0	0	0
2002105224	4	2393581328	0	0	0	0	0
2002105224	65535	2393581328	0	0	0	0	0
2002105224	2147483647	2393581328	0	0	0	0	0
2002105224	4294967295	2393581328	0	0	0	0	0
2465554284	0	2783641304	0	0	0	0	0
2465554284	1	2783641305	0	0	0	0	0
2465554284	2	2783624920	0	0	0	0	0
2465554284	3	2783624921	0	0	0	0	0
2465554284	4	2783624920	0	0	0	0	0
2465554284	65535	2783624920	0	0	0	0	0
2465554284	2147483647	2783624920	0	0	0	0	0
2465554284	4294967295	2783624920	0	0	0	0	0
3511772454	0	3802319436	0	0	0	0	0
3511772454	1	3802319437	0	0	0	0	0
3511772454	2	3802303052	0	0	0	0	0
3511772454	3	3802303053	0	0	0	0	0
3511772454	4	3802303052	0	0	0	0	0
3511772454	65535	3802303052	0	0	0	0	0
3511772454	2147483647	3802303052	0	0	0	0	0
3511772454	4294967295	3802303052	0	0	0	0	0
1926613180	0	2242630008	0	0	0	0	0
1926613180	1	2242630009	0	0	0	0	0
1926613180	2	2242613624	0	0	0	0	0
1926613180	3	2242613625	0	0	0	0	0
1926613180	4	2242613624	0	0	0	0	0
1926613180	65535	2242613624	0	0	0	0	0
1926613180	2147483647	2242613624	0	0	0	0	0
1926613180	4294967295	2242613624	0	0	0	0	0
1523027348	0	1703893800	0	0	0	0	0
1523027348	1	1703893801	0	0	0	0	0
1523027348	2	1703877416	0	0	0	0	0
1523027348	3	1703877417	0	0	0	0	0
1523027348	4	1703877416	0	0	0	0	0
1523027348	65535	1703877416	0	0	0	0	0
1523027348	2147483647	1703877416	0	0	0	0	0
1523027348	4294967295	1703877416	0	0	0	0	0
1859410203	0	2108224054	0	0	0	0	0
1859410203	1	2108224055	0	0	0	0	0
1859410203	2	2108207670	0	0	0	0	0
1859410203	3	2108207671	0	0	0	0	0
1859410203	4	2108207670	0	0	0	0	0
1859410203	65535	2108207670	0	0	0	0	0
1859410203	2147483647	2108207670	0	0	0	0	0
1859410203	4294967295	2108207670	0	0	0	0	0
806126667	0	1075398806	0	0	0	0	0
806126667	1	1075398807	0	0	0	0	0
806126667	2	1075382422	0	0	0	0	0
806126667	3	1075382423	0	0	0	0	0
806126667	4	1075382422	0	0	0	0	0
806126667	65535	1075382422	0	0	0	0	0
806126667	2147483647	1075382422	0	0	0	0	0
806126667	4294967295	1075382422	0	0	0	0	0
1969957293	0	2329301850	0	0	0	0	0
1969957293	1	2329301851	0	0	0	0	0
1969957293	2	2329285466	0	0	0	0	0
1969957293	3	2329285467	0	0	0	0	0
1969957293	4	2329285466	0	0	0	0	0
1969957293	65535	2329285466	0	0	0	0	0
1969957293	2147483647	2329285466	0	0	0	0	0
1969957293	4294967295	2329285466	0	0	0	0	0
3684480253	0	3879299578	0	0	0	0	0
3684480253	1	3879299579	0	0	0	0	0
3684480253	2	3879283194	0	0	0	0	0
3684480253	3	3879283195	0	0	0	0	0
3684480253	4	3879283194	0	0	0	0	0
3684480253	65535	3879283194	0	0	0	0	0
3684480253	2147483647	3879283194	0	0	0	0	0
3684480253	4294967295	3879283194	0	0	0	0	0
