path	bases	primitives	type_histogram
GameData/Track/alps.crp	1752	5394	1:13,3:5349,4:32
GameData/Track/autobahn.crp	1312	4992	1:42,3:4917,4:33
GameData/Track/canyon.crp	1580	4678	1:34,3:4617,4:27
GameData/Track/castle.crp	2671	12685	1:61,3:12595,4:29
GameData/Track/coastal.crp	768	3229	1:27,3:3172,4:30
GameData/Track/farmland.crp	1139	4975	1:72,3:4875,4:28
GameData/Track/foothills.crp	1332	6836	1:51,3:6758,4:27
GameData/Track/forest.crp	1172	6762	1:19,3:6716,4:27
GameData/Track/industrial.crp	1815	9986	1:56,3:9890,4:40
GameData/Track/monaco1.crp	510	2513	1:21,3:2465,4:27
GameData/Track/monaco2.crp	523	2552	1:22,3:2503,4:27
GameData/Track/monaco3.crp	565	2923	1:23,3:2873,4:27
GameData/Track/monaco4.crp	669	3455	1:23,3:3405,4:27
GameData/Track/monaco5.crp	507	2392	1:29,3:2336,4:27
GameData/Track/skidpad.crp	276	928	1:13,3:888,4:27
