name	scalars	up	fallback_normal	fallback_base	modifiers	parts	points	wheels	multipliers	sum	rng	product
flat	0.0,0.0,1,2,0,0,0,0.0,1.0,12.0,0.4,1.2,0.25,0,0.125,0.1,0.4,0.2	0.0,1.0,0.0	0.2,1.0,0.3	1.0,3.0,2.0	0.0,0.1,0.2,0.30000000000000004,0.4,0.5,0.6000000000000001,0.7000000000000001,0.8,0.9	-	-1.0,0.3,1.0/1.0,0.3,1.0/-1.0,0.3,-1.0/1.0,0.3,-1.0	-1.0,0.7000000476837158,1.0,-1.0,0.4000000059604645,1.0,0.0,0.9998999834060669,-0.0,1,1,0.4000000059604645,0.0,0.0,-0.02500002086162567,0.04001067951321602/1.0,0.7000000476837158,1.0,1.0,0.4000000059604645,1.0,0.0,0.9998999834060669,-0.0,1,1,0.4000000059604645,0.0,0.0,-0.02500002086162567,-0.04001067951321602/-1.0,0.7000000476837158,-1.0,-1.0,0.4000000059604645,-1.0,0.0,0.9998999834060669,-0.0,1,1,0.4000000059604645,0.0,0.0,-0.02500002086162567,0.04001067951321602/1.0,0.7000000476837158,-1.0,1.0,0.4000000059604645,-1.0,0.0,0.9998999834060669,-0.0,1,1,0.4000000059604645,0.0,0.0,-0.02500002086162567,-0.04001067951321602	1.0,1.0,1.0,1.0	0.0,1.600000023841858,0.0	65051	991428123
slope	0.2,0.0,1,2,0,0,0,0.0,1.0,12.0,0.4,1.2,0.25,0,0.125,0.1,0.4,0.2	0.0,1.0,0.0	0.2,1.0,0.3	1.0,3.0,2.0	0.0,0.1,0.2,0.30000000000000004,0.4,0.5,0.6000000000000001,0.7000000000000001,0.8,0.9	-	-1.0,0.3,1.0/1.0,0.3,1.0/-1.0,0.3,-1.0/1.0,0.3,-1.0	-1.0,0.7000000476837158,1.0,-1.0,0.19999997317790985,1.0,-0.1961161345243454,0.9805806875228882,0.0,1,1,0.4000000059604645,0.0,0.0,-0.1250000298023224,0.04001067951321602/1.0,0.7000000476837158,1.0,1.0,0.6000000238418579,1.0,-0.1961161345243454,0.9805806875228882,0.0,1,1,0.4000000059604645,0.0,0.0,0.07499998807907104,-0.04001067951321602/-1.0,0.7000000476837158,-1.0,-1.0,0.19999995827674866,-1.0,-0.1961161345243454,0.9805806875228882,0.0,1,1,0.4000000059604645,0.0,0.0,-0.12500005960464478,0.04001067951321602/1.0,0.7000000476837158,-1.0,1.0,0.6000000238418579,-1.0,-0.1961161345243454,0.9805806875228882,0.0,1,1,0.4000000059604645,0.0,0.0,0.07499998807907104,-0.04001067951321602	1.0,1.0,1.0,1.0	0.0,1.600000023841858,0.0	65051	991428123
far	0.0,8.0,1,2,0,0,0,0.0,1.0,12.0,0.4,1.2,0.25,0,0.125,0.1,0.4,0.2	0.0,1.0,0.0	0.2,1.0,0.3	1.0,3.0,2.0	0.0,0.1,0.2,0.30000000000000004,0.4,0.5,0.6000000000000001,0.7000000000000001,0.8,0.9	-	-1.0,0.3,1.0/1.0,0.3,1.0/-1.0,0.3,-1.0/1.0,0.3,-1.0	-1.0,0.7000000476837158,1.0,-1.0,3.700000047683716,1.0,0.20000000298023224,1.0,0.30000001192092896,1,1,0.20000000298023224,0.4000000059604645,0.10000000149011612,0.7200000286102295,0.11223549395799637/1.0,0.7000000476837158,1.0,1.0,3.299999952316284,1.0,0.20000000298023224,1.0,0.30000001192092896,1,1,0.20000000298023224,0.4000000059604645,0.10000000149011612,0.7200000286102295,-0.11223549395799637/-1.0,0.7000000476837158,-1.0,-1.0,4.300000190734863,-1.0,0.20000000298023224,1.0,0.30000001192092896,1,1,0.20000000298023224,0.4000000059604645,0.10000000149011612,0.6000000238418579,0.10016743093729019/1.0,0.7000000476837158,-1.0,1.0,3.9000000953674316,-1.0,0.20000000298023224,1.0,0.30000001192092896,1,1,0.20000000298023224,0.4000000059604645,0.10000000149011612,0.6000000238418579,-0.10016743093729019	1.25,1.25,1.25,1.25	0.0,15.200000762939453,0.0	123	999
no_material	0.0,0.0,0,2,0,0,0,0.0,1.0,12.0,0.4,1.2,0.25,0,0.125,0.1,0.4,0.2	0.0,1.0,0.0	0.2,1.0,0.3	1.0,3.0,2.0	0.0,0.1,0.2,0.30000000000000004,0.4,0.5,0.6000000000000001,0.7000000000000001,0.8,0.9	-	-1.0,0.3,1.0/1.0,0.3,1.0/-1.0,0.3,-1.0/1.0,0.3,-1.0	-1.0,0.7000000476837158,1.0,-1.0,3.700000047683716,1.0,0.20000000298023224,1.0,0.30000001192092896,0,0,0.20000000298023224,0.4000000059604645,0.10000000149011612,0.7200000286102295,0.11223549395799637/1.0,0.7000000476837158,1.0,1.0,3.299999952316284,1.0,0.20000000298023224,1.0,0.30000001192092896,0,0,0.20000000298023224,0.4000000059604645,0.10000000149011612,0.7200000286102295,-0.11223549395799637/-1.0,0.7000000476837158,-1.0,-1.0,4.300000190734863,-1.0,0.20000000298023224,1.0,0.30000001192092896,0,0,0.20000000298023224,0.4000000059604645,0.10000000149011612,0.6000000238418579,0.10016743093729019/1.0,0.7000000476837158,-1.0,1.0,3.9000000953674316,-1.0,0.20000000298023224,1.0,0.30000001192092896,0,0,0.20000000298023224,0.4000000059604645,0.10000000149011612,0.6000000238418579,-0.10016743093729019	1.25,1.25,1.25,1.25	0.0,15.200000762939453,0.0	123	999
outside	0.0,0.0,1,2,0,0,0,0.0,1.0,12.0,0.4,1.2,0.25,0,0.125,0.1,0.4,0.2	0.0,1.0,0.0	0.2,1.0,0.3	1.0,3.0,2.0	0.0,0.1,0.2,0.30000000000000004,0.4,0.5,0.6000000000000001,0.7000000000000001,0.8,0.9	-	20.0,1.0,20.0/20.0,1.0,20.0/20.0,1.0,20.0/20.0,1.0,20.0	20.0,1.399999976158142,20.0,20.0,-6.200000286102295,20.0,0.20000000298023224,1.0,0.30000001192092896,0,0,0.20000000298023224,0.4000000059604645,0.10000000149011612,-0.8350000381469727,0.04001067951321602/20.0,1.399999976158142,20.0,20.0,-6.199999809265137,20.0,0.20000000298023224,1.0,0.30000001192092896,0,0,0.20000000298023224,0.4000000059604645,0.10000000149011612,-0.8350000381469727,-0.04001067951321602/20.0,1.399999976158142,20.0,20.0,-6.199999809265137,20.0,0.20000000298023224,1.0,0.30000001192092896,0,0,0.20000000298023224,0.4000000059604645,0.10000000149011612,-0.8350000381469727,0.04001067951321602/20.0,1.399999976158142,20.0,20.0,-6.199999809265137,20.0,0.20000000298023224,1.0,0.30000001192092896,0,0,0.20000000298023224,0.4000000059604645,0.10000000149011612,-0.8350000381469727,-0.04001067951321602	1.0,1.0,1.0,1.0	80.0,-24.799999237060547,80.0	123	999
fallback_up_gate	0.0,0.0,0,2,0,0,0,0.0,1.0,12.0,0.4,1.2,0.25,0,0.125,0.1,0.4,0.2	0.0,1.0,0.0	0.2,0.1,0.3	1.0,3.0,2.0	0.0,0.1,0.2,0.30000000000000004,0.4,0.5,0.6000000000000001,0.7000000000000001,0.8,0.9	-	-1.0,0.3,1.0/1.0,0.3,1.0/-1.0,0.3,-1.0/1.0,0.3,-1.0	-1.0,0.7000000476837158,1.0,-1.0,3.0,1.0,0.0,1.0,0.0,0,0,0.20000000298023224,0.4000000059604645,0.10000000149011612,0.7200000286102295,0.11223549395799637/1.0,0.7000000476837158,1.0,1.0,3.0,1.0,0.0,1.0,0.0,0,0,0.20000000298023224,0.4000000059604645,0.10000000149011612,0.7200000286102295,-0.11223549395799637/-1.0,0.7000000476837158,-1.0,-1.0,3.0,-1.0,0.0,1.0,0.0,0,0,0.20000000298023224,0.4000000059604645,0.10000000149011612,0.6000000238418579,0.10016743093729019/1.0,0.7000000476837158,-1.0,1.0,3.0,-1.0,0.0,1.0,0.0,0,0,0.20000000298023224,0.4000000059604645,0.10000000149011612,0.6000000238418579,-0.10016743093729019	1.25,1.25,1.25,1.25	0.0,12.0,0.0	123	999
fallback_just_above	0.0,0.0,0,2,0,0,0,0.0,1.0,12.0,0.4,1.2,0.25,0,0.125,0.1,0.4,0.2	0.0,1.0,0.0	0.2,0.10000000894069672,0.3	1.0,3.0,2.0	0.0,0.1,0.2,0.30000000000000004,0.4,0.5,0.6000000000000001,0.7000000000000001,0.8,0.9	-	-1.0,0.3,1.0/1.0,0.3,1.0/-1.0,0.3,-1.0/1.0,0.3,-1.0	-1.0,0.7000000476837158,1.0,-1.0,10.0,1.0,0.20000000298023224,0.10000000894069672,0.30000001192092896,0,0,0.20000000298023224,0.4000000059604645,0.10000000149011612,0.7200000286102295,0.11223549395799637/1.0,0.7000000476837158,1.0,1.0,6.0,1.0,0.20000000298023224,0.10000000894069672,0.30000001192092896,0,0,0.20000000298023224,0.4000000059604645,0.10000000149011612,0.7200000286102295,-0.11223549395799637/-1.0,0.7000000476837158,-1.0,-1.0,16.0,-1.0,0.20000000298023224,0.10000000894069672,0.30000001192092896,0,0,0.20000000298023224,0.4000000059604645,0.10000000149011612,0.6000000238418579,0.10016743093729019/1.0,0.7000000476837158,-1.0,1.0,12.0,-1.0,0.20000000298023224,0.10000000894069672,0.30000001192092896,0,0,0.20000000298023224,0.4000000059604645,0.10000000149011612,0.6000000238418579,-0.10016743093729019	1.25,1.25,1.25,1.25	0.0,44.0,0.0	123	999
quality_skip	0.0,0.0,1,1,0,0,0,0.0,1.0,12.0,0.4,1.2,0.25,0,0.125,0.1,0.4,0.2	0.0,1.0,0.0	0.2,1.0,0.3	1.0,3.0,2.0	0.0,0.1,0.2,0.30000000000000004,0.4,0.5,0.6000000000000001,0.7000000000000001,0.8,0.9	-	-1.0,0.3,1.0/1.0,0.3,1.0/-1.0,0.3,-1.0/1.0,0.3,-1.0	-1.0,0.7000000476837158,1.0,-1.0,0.4000000059604645,1.0,0.0,0.9998999834060669,-0.0,1,1,0.4000000059604645,0.0,0.0,0.0,0.0/1.0,0.7000000476837158,1.0,1.0,0.4000000059604645,1.0,0.0,0.9998999834060669,-0.0,1,1,0.4000000059604645,0.0,0.0,0.0,0.0/-1.0,0.7000000476837158,-1.0,-1.0,0.4000000059604645,-1.0,0.0,0.9998999834060669,-0.0,1,1,0.4000000059604645,0.0,0.0,0.0,0.0/1.0,0.7000000476837158,-1.0,1.0,0.4000000059604645,-1.0,0.0,0.9998999834060669,-0.0,1,1,0.4000000059604645,0.0,0.0,0.0,0.0	1.0,1.0,1.0,1.0	0.0,1.600000023841858,0.0	65051	991428123
global_car_skip	0.0,0.0,1,2,1,1,0,0.0,1.0,12.0,0.4,1.2,0.25,0,0.125,0.1,0.4,0.2	0.0,1.0,0.0	0.2,1.0,0.3	1.0,3.0,2.0	0.0,0.1,0.2,0.30000000000000004,0.4,0.5,0.6000000000000001,0.7000000000000001,0.8,0.9	-	-1.0,0.3,1.0/1.0,0.3,1.0/-1.0,0.3,-1.0/1.0,0.3,-1.0	-1.0,0.7000000476837158,1.0,-1.0,0.4000000059604645,1.0,0.0,0.9998999834060669,-0.0,1,1,0.4000000059604645,0.0,0.0,0.0,0.0/1.0,0.7000000476837158,1.0,1.0,0.4000000059604645,1.0,0.0,0.9998999834060669,-0.0,1,1,0.4000000059604645,0.0,0.0,0.0,0.0/-1.0,0.7000000476837158,-1.0,-1.0,0.4000000059604645,-1.0,0.0,0.9998999834060669,-0.0,1,1,0.4000000059604645,0.0,0.0,0.0,0.0/1.0,0.7000000476837158,-1.0,1.0,0.4000000059604645,-1.0,0.0,0.9998999834060669,-0.0,1,1,0.4000000059604645,0.0,0.0,0.0,0.0	1.0,1.0,1.0,1.0	0.0,1.600000023841858,0.0	65051	991428123
global_without_car_skip	0.0,0.0,1,2,1,0,0,0.0,1.0,12.0,0.4,1.2,0.25,0,0.125,0.1,0.4,0.2	0.0,1.0,0.0	0.2,1.0,0.3	1.0,3.0,2.0	0.0,0.1,0.2,0.30000000000000004,0.4,0.5,0.6000000000000001,0.7000000000000001,0.8,0.9	-	-1.0,0.3,1.0/1.0,0.3,1.0/-1.0,0.3,-1.0/1.0,0.3,-1.0	-1.0,0.7000000476837158,1.0,-1.0,0.4000000059604645,1.0,0.0,0.9998999834060669,-0.0,1,1,0.4000000059604645,0.0,0.0,-0.02500002086162567,0.04001067951321602/1.0,0.7000000476837158,1.0,1.0,0.4000000059604645,1.0,0.0,0.9998999834060669,-0.0,1,1,0.4000000059604645,0.0,0.0,-0.02500002086162567,-0.04001067951321602/-1.0,0.7000000476837158,-1.0,-1.0,0.4000000059604645,-1.0,0.0,0.9998999834060669,-0.0,1,1,0.4000000059604645,0.0,0.0,-0.02500002086162567,0.04001067951321602/1.0,0.7000000476837158,-1.0,1.0,0.4000000059604645,-1.0,0.0,0.9998999834060669,-0.0,1,1,0.4000000059604645,0.0,0.0,-0.02500002086162567,-0.04001067951321602	1.0,1.0,1.0,1.0	0.0,1.600000023841858,0.0	65051	991428123
car_without_global_skip	0.0,0.0,1,2,0,1,0,0.0,1.0,12.0,0.4,1.2,0.25,0,0.125,0.1,0.4,0.2	0.0,1.0,0.0	0.2,1.0,0.3	1.0,3.0,2.0	0.0,0.1,0.2,0.30000000000000004,0.4,0.5,0.6000000000000001,0.7000000000000001,0.8,0.9	-	-1.0,0.3,1.0/1.0,0.3,1.0/-1.0,0.3,-1.0/1.0,0.3,-1.0	-1.0,0.7000000476837158,1.0,-1.0,0.4000000059604645,1.0,0.0,0.9998999834060669,-0.0,1,1,0.4000000059604645,0.0,0.0,-0.02500002086162567,0.04001067951321602/1.0,0.7000000476837158,1.0,1.0,0.4000000059604645,1.0,0.0,0.9998999834060669,-0.0,1,1,0.4000000059604645,0.0,0.0,-0.02500002086162567,-0.04001067951321602/-1.0,0.7000000476837158,-1.0,-1.0,0.4000000059604645,-1.0,0.0,0.9998999834060669,-0.0,1,1,0.4000000059604645,0.0,0.0,-0.02500002086162567,0.04001067951321602/1.0,0.7000000476837158,-1.0,1.0,0.4000000059604645,-1.0,0.0,0.9998999834060669,-0.0,1,1,0.4000000059604645,0.0,0.0,-0.02500002086162567,-0.04001067951321602	1.0,1.0,1.0,1.0	0.0,1.600000023841858,0.0	65051	991428123
remap_material_1	0.0,0.0,1,2,0,0,1,0.0,1.0,12.0,0.4,1.2,0.25,0,0.125,0.1,0.4,0.2	0.0,1.0,0.0	0.2,1.0,0.3	1.0,3.0,2.0	0.0,0.1,0.2,0.30000000000000004,0.4,0.5,0.6000000000000001,0.7000000000000001,0.8,0.9	-	-1.0,0.3,1.0/1.0,0.3,1.0/-1.0,0.3,-1.0/1.0,0.3,-1.0	-1.0,0.7000000476837158,1.0,-1.0,0.4000000059604645,1.0,0.0,0.9998999834060669,-0.0,2,1,0.4000000059604645,0.0013035584706813097,0.0,-0.02500002086162567,0.04001067951321602/1.0,0.7000000476837158,1.0,1.0,0.4000000059604645,1.0,0.0,0.9998999834060669,-0.0,2,1,0.4000000059604645,-0.01624801754951477,0.0,-0.02500002086162567,-0.04001067951321602/-1.0,0.7000000476837158,-1.0,-1.0,0.4000000059604645,-1.0,0.0,0.9998999834060669,-0.0,2,1,0.4000000059604645,-0.024284973740577698,0.0,-0.02500002086162567,0.04001067951321602/1.0,0.7000000476837158,-1.0,1.0,0.4000000059604645,-1.0,0.0,0.9998999834060669,-0.0,2,1,0.4000000059604645,0.0021884154994040728,0.0,-0.02500002086162567,-0.04001067951321602	1.0,1.0,1.0,1.0	0.0,1.600000023841858,0.0	65051	991428123
remap_material_10	0.0,0.0,10,2,0,0,1,0.0,1.0,12.0,0.4,1.2,0.25,0,0.125,0.1,0.4,0.2	0.0,1.0,0.0	0.2,1.0,0.3	1.0,3.0,2.0	0.0,0.1,0.2,0.30000000000000004,0.4,0.5,0.6000000000000001,0.7000000000000001,0.8,0.9	-	-1.0,0.3,1.0/1.0,0.3,1.0/-1.0,0.3,-1.0/1.0,0.3,-1.0	-1.0,0.7000000476837158,1.0,-1.0,0.4000000059604645,1.0,0.0,0.9998999834060669,-0.0,2,1,0.4000000059604645,0.0013035584706813097,0.0,-0.02500002086162567,0.04001067951321602/1.0,0.7000000476837158,1.0,1.0,0.4000000059604645,1.0,0.0,0.9998999834060669,-0.0,2,1,0.4000000059604645,-0.01624801754951477,0.0,-0.02500002086162567,-0.04001067951321602/-1.0,0.7000000476837158,-1.0,-1.0,0.4000000059604645,-1.0,0.0,0.9998999834060669,-0.0,2,1,0.4000000059604645,-0.024284973740577698,0.0,-0.02500002086162567,0.04001067951321602/1.0,0.7000000476837158,-1.0,1.0,0.4000000059604645,-1.0,0.0,0.9998999834060669,-0.0,2,1,0.4000000059604645,0.0021884154994040728,0.0,-0.02500002086162567,-0.04001067951321602	1.0,1.0,1.0,1.0	0.0,1.600000023841858,0.0	65051	991428123
inverted	0.0,0.0,1,2,0,0,0,0.0,1.0,12.0,0.4,1.2,0.25,0,0.125,0.1,0.4,0.2	0.0,-1.0,0.0	0.2,1.0,0.3	1.0,3.0,2.0	0.0,0.1,0.2,0.30000000000000004,0.4,0.5,0.6000000000000001,0.7000000000000001,0.8,0.9	-	-1.0,0.3,1.0/1.0,0.3,1.0/-1.0,0.3,-1.0/1.0,0.3,-1.0	-1.0,-0.09999999403953552,1.0,-1.0,0.4000000059604645,1.0,0.0,0.9998999834060669,-0.0,1,1,0.4000000059604645,0.0,0.0,0.07500000298023224,0.04001067951321602/1.0,-0.09999999403953552,1.0,1.0,0.4000000059604645,1.0,0.0,0.9998999834060669,-0.0,1,1,0.4000000059604645,0.0,0.0,0.07500000298023224,-0.04001067951321602/-1.0,-0.09999999403953552,-1.0,-1.0,0.4000000059604645,-1.0,0.0,0.9998999834060669,-0.0,1,1,0.4000000059604645,0.0,0.0,0.07500000298023224,0.04001067951321602/1.0,-0.09999999403953552,-1.0,1.0,0.4000000059604645,-1.0,0.0,0.9998999834060669,-0.0,1,1,0.4000000059604645,0.0,0.0,0.07500000298023224,-0.04001067951321602	1.0,1.0,1.0,1.0	0.0,1.600000023841858,0.0	65051	991428123
up_gate_exact	0.0,0.0,1,2,0,0,0,0.0,1.0,12.0,0.4,1.2,0.25,0,0.125,0.1,0.4,0.2	0.0,0.30000001192092896,0.0	0.2,1.0,0.3	1.0,3.0,2.0	0.0,0.1,0.2,0.30000000000000004,0.4,0.5,0.6000000000000001,0.7000000000000001,0.8,0.9	-	-1.0,0.3,1.0/1.0,0.3,1.0/-1.0,0.3,-1.0/1.0,0.3,-1.0	-1.0,0.42000001668930054,1.0,-1.0,0.4000000059604645,1.0,0.0,0.9998999834060669,-0.0,1,1,0.4000000059604645,0.0,0.0,0.12200000137090683,0.04001067951321602/1.0,0.42000001668930054,1.0,1.0,0.4000000059604645,1.0,0.0,0.9998999834060669,-0.0,1,1,0.4000000059604645,0.0,0.0,0.12200000137090683,-0.04001067951321602/-1.0,0.42000001668930054,-1.0,-1.0,0.4000000059604645,-1.0,0.0,0.9998999834060669,-0.0,1,1,0.4000000059604645,0.0,0.0,0.12200000137090683,0.04001067951321602/1.0,0.42000001668930054,-1.0,1.0,0.4000000059604645,-1.0,0.0,0.9998999834060669,-0.0,1,1,0.4000000059604645,0.0,0.0,0.12200000137090683,-0.04001067951321602	1.0,1.0,1.0,1.0	0.0,1.600000023841858,0.0	65051	991428123
up_gate_below	0.0,0.0,1,2,0,0,0,0.0,1.0,12.0,0.4,1.2,0.25,0,0.125,0.1,0.4,0.2	0.0,0.29999998211860657,0.0	0.2,1.0,0.3	1.0,3.0,2.0	0.0,0.1,0.2,0.30000000000000004,0.4,0.5,0.6000000000000001,0.7000000000000001,0.8,0.9	-	-1.0,0.3,1.0/1.0,0.3,1.0/-1.0,0.3,-1.0/1.0,0.3,-1.0	-1.0,0.42000001668930054,1.0,-1.0,0.4000000059604645,1.0,0.0,0.9998999834060669,-0.0,1,1,0.4000000059604645,0.0,0.0,0.07500000298023224,0.04001067951321602/1.0,0.42000001668930054,1.0,1.0,0.4000000059604645,1.0,0.0,0.9998999834060669,-0.0,1,1,0.4000000059604645,0.0,0.0,0.07500000298023224,-0.04001067951321602/-1.0,0.42000001668930054,-1.0,-1.0,0.4000000059604645,-1.0,0.0,0.9998999834060669,-0.0,1,1,0.4000000059604645,0.0,0.0,0.07500000298023224,0.04001067951321602/1.0,0.42000001668930054,-1.0,1.0,0.4000000059604645,-1.0,0.0,0.9998999834060669,-0.0,1,1,0.4000000059604645,0.0,0.0,0.07500000298023224,-0.04001067951321602	1.0,1.0,1.0,1.0	0.0,1.600000023841858,0.0	65051	991428123
negative	0.0,0.0,1,2,0,0,0,0.0,1.0,12.0,0.4,1.2,0.25,0,0.125,0.1,0.4,0.2	0.0,1.0,0.0	0.2,1.0,0.3	1.0,3.0,2.0	0.0,0.1,0.2,0.30000000000000004,0.4,0.5,0.6000000000000001,0.7000000000000001,0.8,0.9	-	-1,-1.0,1/1,-1.0,1/-1,-1.0,-1/1,-1.0,-1	-1.0,-0.6000000238418579,1.0,-1.0,0.4000000059604645,1.0,0.0,0.9998999834060669,-0.0,1,1,0.4000000059604645,0.0,0.0,0.7200000286102295,0.11223549395799637/1.0,-0.6000000238418579,1.0,1.0,0.4000000059604645,1.0,0.0,0.9998999834060669,-0.0,1,1,0.4000000059604645,0.0,0.0,0.7200000286102295,-0.11223549395799637/-1.0,-0.6000000238418579,-1.0,-1.0,0.4000000059604645,-1.0,0.0,0.9998999834060669,-0.0,1,1,0.4000000059604645,0.0,0.0,0.6000000238418579,0.10016743093729019/1.0,-0.6000000238418579,-1.0,1.0,0.4000000059604645,-1.0,0.0,0.9998999834060669,-0.0,1,1,0.4000000059604645,0.0,0.0,0.6000000238418579,-0.10016743093729019	1.0,1.0,1.0,1.0	0.0,1.600000023841858,0.0	65051	991428123
negative_flag	0.0,0.0,1,2,0,0,0,0.0,1.0,12.0,0.4,1.2,0.25,1,0.125,0.1,0.4,0.2	0.0,1.0,0.0	0.2,1.0,0.3	1.0,3.0,2.0	0.0,0.1,0.2,0.30000000000000004,0.4,0.5,0.6000000000000001,0.7000000000000001,0.8,0.9	-	-1,-1.0,1/1,-1.0,1/-1,-1.0,-1/1,-1.0,-1	-1.0,-0.6000000238418579,1.0,-1.0,0.4000000059604645,1.0,0.0,0.9998999834060669,-0.0,1,1,0.4000000059604645,0.0,0.0,0.7200000286102295,0.11223549395799637/1.0,-0.6000000238418579,1.0,1.0,0.4000000059604645,1.0,0.0,0.9998999834060669,-0.0,1,1,0.4000000059604645,0.0,0.0,0.7200000286102295,-0.11223549395799637/-1.0,-0.6000000238418579,-1.0,-1.0,0.4000000059604645,-1.0,0.0,0.9998999834060669,-0.0,1,1,0.4000000059604645,0.0,0.0,0.6000000238418579,0.10016743093729019/1.0,-0.6000000238418579,-1.0,1.0,0.4000000059604645,-1.0,0.0,0.9998999834060669,-0.0,1,1,0.4000000059604645,0.0,0.0,0.6000000238418579,-0.10016743093729019	1.0,1.0,1.0,1.0	0.0,1.600000023841858,0.0	65051	991428123
positive_limit	0.0,0.0,1,2,0,0,0,0.0,1.0,12.0,0.4,1.2,0.25,0,0.125,0.1,0.4,0.2	0.0,1.0,0.0	0.2,1.0,0.3	1.0,3.0,2.0	0.0,0.1,0.2,0.30000000000000004,0.4,0.5,0.6000000000000001,0.7000000000000001,0.8,0.9	-	-1,3.0,1/1,3.0,1/-1,3.0,-1/1,3.0,-1	-1.0,3.4000000953674316,1.0,-1.0,0.4000000059604645,1.0,0.0,0.9998999834060669,-0.0,1,1,0.4000000059604645,0.0,0.0,-0.8350000381469727,0.04001067951321602/1.0,3.4000000953674316,1.0,1.0,0.4000000059604645,1.0,0.0,0.9998999834060669,-0.0,1,1,0.4000000059604645,0.0,0.0,-0.8350000381469727,-0.04001067951321602/-1.0,3.4000000953674316,-1.0,-1.0,0.4000000059604645,-1.0,0.0,0.9998999834060669,-0.0,1,1,0.4000000059604645,0.0,0.0,-0.8350000381469727,0.04001067951321602/1.0,3.4000000953674316,-1.0,1.0,0.4000000059604645,-1.0,0.0,0.9998999834060669,-0.0,1,1,0.4000000059604645,0.0,0.0,-0.8350000381469727,-0.04001067951321602	1.0,1.0,1.0,1.0	0.0,1.600000023841858,0.0	65051	991428123
damage_one	0.0,0.0,1,2,0,0,0,0.0,1.0,12.0,0.4,1.2,0.25,0,0.125,0.1,0.4,0.2	0.0,1.0,0.0	0.2,1.0,0.3	1.0,3.0,2.0	0.0,0.1,0.2,0.30000000000000004,0.4,0.5,0.6000000000000001,0.7000000000000001,0.8,0.9	4,30.0,1,0.02	-1.0,0.3,1.0/1.0,0.3,1.0/-1.0,0.3,-1.0/1.0,0.3,-1.0	-1.0,0.7000000476837158,1.0,-1.0,0.400009423494339,1.0,0.0,0.9998999834060669,-0.0,1,1,0.4000000059604645,0.0,0.0,-0.024995312094688416,0.04001067951321602/1.0,0.7000000476837158,1.0,1.0,0.39999058842658997,1.0,0.0,0.9998999834060669,-0.0,1,1,0.4000000059604645,0.0,0.0,-0.025004729628562927,-0.04001067951321602/-1.0,0.7000000476837158,-1.0,-1.0,0.4000000059604645,-1.0,0.0,0.9998999834060669,-0.0,1,1,0.4000000059604645,0.0,0.0,-0.02500002086162567,0.04001067951321602/1.0,0.7000000476837158,-1.0,1.0,0.4000000059604645,-1.0,0.0,0.9998999834060669,-0.0,1,1,0.4000000059604645,0.0,0.0,-0.02500002086162567,-0.04001067951321602	1.0,1.0,1.0,1.0	0.0,1.600000023841858,0.0	65051	991428123
damage_average	0.0,0.0,1,2,0,0,0,0.0,1.0,12.0,0.4,1.2,0.25,0,0.125,0.1,0.4,0.2	0.0,1.0,0.0	0.2,1.0,0.3	1.0,3.0,2.0	0.0,0.1,0.2,0.30000000000000004,0.4,0.5,0.6000000000000001,0.7000000000000001,0.8,0.9	4,30.0,3,0.02/5,60.0,0,0.05/8,100.0,1023,-0.1/9,10.0,1,99.0	-1.0,0.3,1.0/1.0,0.3,1.0/-1.0,0.3,-1.0/1.0,0.3,-1.0	-1.0,0.7000000476837158,1.0,-1.0,0.40007659792900085,1.0,0.0,0.9998999834060669,-0.0,1,1,0.4000000059604645,0.0,0.0,-0.024961724877357483,0.04001067951321602/1.0,0.7000000476837158,1.0,1.0,0.3999234139919281,1.0,0.0,0.9998999834060669,-0.0,1,1,0.4000000059604645,0.0,0.0,-0.02503831684589386,-0.04001067951321602/-1.0,0.7000000476837158,-1.0,-1.0,0.4000000059604645,-1.0,0.0,0.9998999834060669,-0.0,1,1,0.4000000059604645,0.0,0.0,-0.02500002086162567,0.04001067951321602/1.0,0.7000000476837158,-1.0,1.0,0.4000000059604645,-1.0,0.0,0.9998999834060669,-0.0,1,1,0.4000000059604645,0.0,0.0,-0.02500002086162567,-0.04001067951321602	1.0,1.0,1.0,1.0	0.0,1.600000023841858,0.0	65051	991428123
damage_phase	0.0,0.0,1,2,0,0,0,0.0,1.0,12.0,0.4,1.2,0.25,0,0.3,0.1,0.4,0.2	0.0,1.0,0.0	0.2,1.0,0.3	1.0,3.0,2.0	0.0,0.1,0.2,0.30000000000000004,0.4,0.5,0.6000000000000001,0.7000000000000001,0.8,0.9	8,70.0,12,0.04	-1.0,0.3,1.0/1.0,0.3,1.0/-1.0,0.3,-1.0/1.0,0.3,-1.0	-1.0,0.7000000476837158,1.0,-1.0,0.40020763874053955,1.0,0.0,0.9998999834060669,-0.0,1,1,0.4000000059604645,0.0,0.0,-0.024896204471588135,0.04001067951321602/1.0,0.7000000476837158,1.0,1.0,0.3997923731803894,1.0,0.0,0.9998999834060669,-0.0,1,1,0.4000000059604645,0.0,0.0,-0.025103837251663208,-0.04001067951321602/-1.0,0.7000000476837158,-1.0,-1.0,0.4000000059604645,-1.0,0.0,0.9998999834060669,-0.0,1,1,0.4000000059604645,0.0,0.0,-0.02500002086162567,0.04001067951321602/1.0,0.7000000476837158,-1.0,1.0,0.4000000059604645,-1.0,0.0,0.9998999834060669,-0.0,1,1,0.4000000059604645,0.0,0.0,-0.02500002086162567,-0.04001067951321602	1.0,1.0,1.0,1.0	0.0,1.600000023841858,0.0	65051	991428123
material_gate	0.0,0.0,3,2,0,0,0,0.0,0.5,12.0,0.4,1.2,0.25,0,0.125,0.1,0.4,0.2	0.0,1.0,0.0	0.2,1.0,0.3	1.0,3.0,2.0	0.0,0.1,0.2,0.30000000000000004,0.4,0.5,0.6000000000000001,0.7000000000000001,0.8,0.9	-	-1.0,0.3,1.0/1.0,0.3,1.0/-1.0,0.3,-1.0/1.0,0.3,-1.0	-1.0,0.7000000476837158,1.0,-1.0,0.0,1.0,0.0,0.9998999834060669,-0.0,3,1,0.20000000298023224,0.4000000059604645,0.10000000149011612,-0.2250000238418579,0.04001067951321602/1.0,0.7000000476837158,1.0,1.0,0.0,1.0,0.0,0.9998999834060669,-0.0,3,1,0.20000000298023224,0.4000000059604645,0.10000000149011612,-0.2250000238418579,-0.04001067951321602/-1.0,0.7000000476837158,-1.0,-1.0,0.0,-1.0,0.0,0.9998999834060669,-0.0,3,1,0.20000000298023224,0.4000000059604645,0.10000000149011612,-0.2250000238418579,0.04001067951321602/1.0,0.7000000476837158,-1.0,1.0,0.0,-1.0,0.0,0.9998999834060669,-0.0,3,1,0.20000000298023224,0.4000000059604645,0.10000000149011612,-0.2250000238418579,-0.04001067951321602	1.0,1.0,1.0,1.0	0.0,0.0,0.0	123	999
positive_multiplier	0.0,0.0,1,2,0,0,0,0.0,1.0,12.0,0.4,1.2,0.25,0,0.125,0.1,0.4,0.2	0.0,1.0,0.0	0.2,1.0,0.3	1.0,3.0,2.0	0.0,0.1,0.2,0.30000000000000004,0.4,0.5,0.6000000000000001,0.7000000000000001,0.8,0.9	-	-1,-4.0,1/1,-4.0,1/-1,-4.0,-1/1,-4.0,-1	-1.0,-3.5999999046325684,1.0,-1.0,0.4000000059604645,1.0,0.0,0.9998999834060669,-0.0,1,1,0.4000000059604645,0.0,0.0,0.7200000286102295,0.11223549395799637/1.0,-3.5999999046325684,1.0,1.0,0.4000000059604645,1.0,0.0,0.9998999834060669,-0.0,1,1,0.4000000059604645,0.0,0.0,0.7200000286102295,-0.11223549395799637/-1.0,-3.5999999046325684,-1.0,-1.0,0.4000000059604645,-1.0,0.0,0.9998999834060669,-0.0,1,1,0.4000000059604645,0.0,0.0,0.6000000238418579,0.10016743093729019/1.0,-3.5999999046325684,-1.0,1.0,0.4000000059604645,-1.0,0.0,0.9998999834060669,-0.0,1,1,0.4000000059604645,0.0,0.0,0.6000000238418579,-0.10016743093729019	1.25,1.25,1.25,1.25	0.0,1.600000023841858,0.0	65051	991428123
negative_floor_flag	0.0,0.0,1,2,0,0,0,0.0,1.0,12.0,0.4,1.2,0.25,1,0.125,0.1,0.4,0.2	0.0,1.0,0.0	0.2,1.0,0.3	1.0,3.0,2.0	0.0,0.1,0.2,0.30000000000000004,0.4,0.5,0.6000000000000001,0.7000000000000001,0.8,0.9	-	-1,3.0,1/1,3.0,1/-1,3.0,-1/1,3.0,-1	-1.0,3.4000000953674316,1.0,-1.0,0.4000000059604645,1.0,0.0,0.9998999834060669,-0.0,1,1,0.4000000059604645,0.0,0.0,-0.8650000095367432,0.04001067951321602/1.0,3.4000000953674316,1.0,1.0,0.4000000059604645,1.0,0.0,0.9998999834060669,-0.0,1,1,0.4000000059604645,0.0,0.0,-0.8650000095367432,-0.04001067951321602/-1.0,3.4000000953674316,-1.0,-1.0,0.4000000059604645,-1.0,0.0,0.9998999834060669,-0.0,1,1,0.4000000059604645,0.0,0.0,-0.8650000095367432,0.04001067951321602/1.0,3.4000000953674316,-1.0,1.0,0.4000000059604645,-1.0,0.0,0.9998999834060669,-0.0,1,1,0.4000000059604645,0.0,0.0,-0.8650000095367432,-0.04001067951321602	1.0,1.0,1.0,1.0	0.0,1.600000023841858,0.0	65051	991428123
zero_projection	0.0,0.0,1,2,0,0,0,0.0,1.0,12.0,0.4,1.2,0.25,0,0.125,0.1,0.4,0.2	0.0,1.0,0.0	0.2,1.0,0.3	1.0,3.0,2.0	0.0,0.1,0.2,0.30000000000000004,0.4,0.5,0.6000000000000001,0.7000000000000001,0.8,0.9	-	-1,0.0,1/1,0.0,1/-1,0.0,-1/1,0.0,-1	-1.0,0.4000000059604645,1.0,-1.0,0.4000000059604645,1.0,0.0,0.9998999834060669,-0.0,1,1,0.4000000059604645,0.0,0.0,0.125,0.04001067951321602/1.0,0.4000000059604645,1.0,1.0,0.4000000059604645,1.0,0.0,0.9998999834060669,-0.0,1,1,0.4000000059604645,0.0,0.0,0.125,-0.04001067951321602/-1.0,0.4000000059604645,-1.0,-1.0,0.4000000059604645,-1.0,0.0,0.9998999834060669,-0.0,1,1,0.4000000059604645,0.0,0.0,0.125,0.04001067951321602/1.0,0.4000000059604645,-1.0,1.0,0.4000000059604645,-1.0,0.0,0.9998999834060669,-0.0,1,1,0.4000000059604645,0.0,0.0,0.125,-0.04001067951321602	1.0,1.0,1.0,1.0	0.0,1.600000023841858,0.0	65051	991428123
height_gate_exact	0.0,0.0,1,2,0,0,0,4.0,1.0,12.0,0.4,1.2,0.25,0,0.125,0.1,0.4,0.2	0.0,1.0,0.0	0.2,1.0,0.3	1.0,3.0,2.0	0.0,0.1,0.2,0.30000000000000004,0.4,0.5,0.6000000000000001,0.7000000000000001,0.8,0.9	-	-1.0,0.3,1.0/1.0,0.3,1.0/-1.0,0.3,-1.0/1.0,0.3,-1.0	-1.0,0.7000000476837158,1.0,-1.0,0.4000000059604645,1.0,0.0,0.9998999834060669,-0.0,1,1,0.4000000059604645,0.0,0.0,-0.02500002086162567,0.04001067951321602/1.0,0.7000000476837158,1.0,1.0,0.4000000059604645,1.0,0.0,0.9998999834060669,-0.0,1,1,0.4000000059604645,0.0,0.0,-0.02500002086162567,-0.04001067951321602/-1.0,0.7000000476837158,-1.0,-1.0,0.4000000059604645,-1.0,0.0,0.9998999834060669,-0.0,1,1,0.4000000059604645,0.0,0.0,-0.02500002086162567,0.04001067951321602/1.0,0.7000000476837158,-1.0,1.0,0.4000000059604645,-1.0,0.0,0.9998999834060669,-0.0,1,1,0.4000000059604645,0.0,0.0,-0.02500002086162567,-0.04001067951321602	1.0,1.0,1.0,1.0	0.0,1.600000023841858,0.0	65051	991428123
height_gate_above	0.0,0.0,1,2,0,0,0,4.000000476837158,1.0,12.0,0.4,1.2,0.25,0,0.125,0.1,0.4,0.2	0.0,1.0,0.0	0.2,1.0,0.3	1.0,3.0,2.0	0.0,0.1,0.2,0.30000000000000004,0.4,0.5,0.6000000000000001,0.7000000000000001,0.8,0.9	-	-1.0,0.3,1.0/1.0,0.3,1.0/-1.0,0.3,-1.0/1.0,0.3,-1.0	-1.0,0.7000000476837158,1.0,-1.0,3.700000047683716,1.0,0.20000000298023224,1.0,0.30000001192092896,1,1,0.20000000298023224,0.4000000059604645,0.10000000149011612,0.7200000286102295,0.11223549395799637/1.0,0.7000000476837158,1.0,1.0,3.299999952316284,1.0,0.20000000298023224,1.0,0.30000001192092896,1,1,0.20000000298023224,0.4000000059604645,0.10000000149011612,0.7200000286102295,-0.11223549395799637/-1.0,0.7000000476837158,-1.0,-1.0,4.300000190734863,-1.0,0.20000000298023224,1.0,0.30000001192092896,1,1,0.20000000298023224,0.4000000059604645,0.10000000149011612,0.6000000238418579,0.10016743093729019/1.0,0.7000000476837158,-1.0,1.0,3.9000000953674316,-1.0,0.20000000298023224,1.0,0.30000001192092896,1,1,0.20000000298023224,0.4000000059604645,0.10000000149011612,0.6000000238418579,-0.10016743093729019	1.25,1.25,1.25,1.25	0.0,15.200000762939453,0.0	123	999
height_gate_below	0.0,0.0,1,2,0,0,0,-4.000000476837158,1.0,12.0,0.4,1.2,0.25,0,0.125,0.1,0.4,0.2	0.0,1.0,0.0	0.2,1.0,0.3	1.0,3.0,2.0	0.0,0.1,0.2,0.30000000000000004,0.4,0.5,0.6000000000000001,0.7000000000000001,0.8,0.9	-	-1.0,0.3,1.0/1.0,0.3,1.0/-1.0,0.3,-1.0/1.0,0.3,-1.0	-1.0,0.7000000476837158,1.0,-1.0,3.700000047683716,1.0,0.20000000298023224,1.0,0.30000001192092896,1,1,0.20000000298023224,0.4000000059604645,0.10000000149011612,0.7200000286102295,0.11223549395799637/1.0,0.7000000476837158,1.0,1.0,3.299999952316284,1.0,0.20000000298023224,1.0,0.30000001192092896,1,1,0.20000000298023224,0.4000000059604645,0.10000000149011612,0.7200000286102295,-0.11223549395799637/-1.0,0.7000000476837158,-1.0,-1.0,4.300000190734863,-1.0,0.20000000298023224,1.0,0.30000001192092896,1,1,0.20000000298023224,0.4000000059604645,0.10000000149011612,0.6000000238418579,0.10016743093729019/1.0,0.7000000476837158,-1.0,1.0,3.9000000953674316,-1.0,0.20000000298023224,1.0,0.30000001192092896,1,1,0.20000000298023224,0.4000000059604645,0.10000000149011612,0.6000000238418579,-0.10016743093729019	1.25,1.25,1.25,1.25	0.0,15.200000762939453,0.0	123	999
fallback_negative_y	0.0,0.0,0,2,0,0,0,0.0,1.0,12.0,0.4,1.2,0.25,0,0.125,0.1,0.4,0.2	0.0,1.0,0.0	0.2,-1.0,0.3	1.0,3.0,2.0	0.0,0.1,0.2,0.30000000000000004,0.4,0.5,0.6000000000000001,0.7000000000000001,0.8,0.9	-	-1.0,0.3,1.0/1.0,0.3,1.0/-1.0,0.3,-1.0/1.0,0.3,-1.0	-1.0,0.7000000476837158,1.0,-1.0,3.0,1.0,0.0,1.0,0.0,0,0,0.20000000298023224,0.4000000059604645,0.10000000149011612,0.7200000286102295,0.11223549395799637/1.0,0.7000000476837158,1.0,1.0,3.0,1.0,0.0,1.0,0.0,0,0,0.20000000298023224,0.4000000059604645,0.10000000149011612,0.7200000286102295,-0.11223549395799637/-1.0,0.7000000476837158,-1.0,-1.0,3.0,-1.0,0.0,1.0,0.0,0,0,0.20000000298023224,0.4000000059604645,0.10000000149011612,0.6000000238418579,0.10016743093729019/1.0,0.7000000476837158,-1.0,1.0,3.0,-1.0,0.0,1.0,0.0,0,0,0.20000000298023224,0.4000000059604645,0.10000000149011612,0.6000000238418579,-0.10016743093729019	1.25,1.25,1.25,1.25	0.0,12.0,0.0	123	999
material_high_word	0.0,0.0,257,2,0,0,1,0.0,1.0,12.0,0.4,1.2,0.25,0,0.125,0.1,0.4,0.2	0.0,1.0,0.0	0.2,1.0,0.3	1.0,3.0,2.0	0.0,0.1,0.2,0.30000000000000004,0.4,0.5,0.6000000000000001,0.7000000000000001,0.8,0.9	-	-1.0,0.3,1.0/1.0,0.3,1.0/-1.0,0.3,-1.0/1.0,0.3,-1.0	-1.0,0.7000000476837158,1.0,-1.0,0.4000000059604645,1.0,0.0,0.9998999834060669,-0.0,2,1,0.4000000059604645,0.0013035584706813097,0.0,-0.02500002086162567,0.04001067951321602/1.0,0.7000000476837158,1.0,1.0,0.4000000059604645,1.0,0.0,0.9998999834060669,-0.0,2,1,0.4000000059604645,-0.01624801754951477,0.0,-0.02500002086162567,-0.04001067951321602/-1.0,0.7000000476837158,-1.0,-1.0,0.4000000059604645,-1.0,0.0,0.9998999834060669,-0.0,2,1,0.4000000059604645,-0.024284973740577698,0.0,-0.02500002086162567,0.04001067951321602/1.0,0.7000000476837158,-1.0,1.0,0.4000000059604645,-1.0,0.0,0.9998999834060669,-0.0,2,1,0.4000000059604645,0.0021884154994040728,0.0,-0.02500002086162567,-0.04001067951321602	1.0,1.0,1.0,1.0	0.0,1.600000023841858,0.0	65051	991428123
material_0	0.0,0.0,0,2,0,0,0,0.0,1.0,12.0,0.4,1.2,0.25,0,0.125,2.49,0.4,0.2	0.0,1.0,0.0	0.2,1.0,0.3	1.0,3.0,2.0	0.0,0.1,0.2,0.30000000000000004,0.4,0.5,0.6000000000000001,0.7000000000000001,0.8,0.9	-	-1.0,0.3,1.0/1.0,0.3,1.0/-1.0,0.3,-1.0/1.0,0.3,-1.0	-1.0,0.7000000476837158,1.0,-1.0,3.700000047683716,1.0,0.20000000298023224,1.0,0.30000001192092896,0,0,0.20000000298023224,0.4000000059604645,2.490000009536743,0.7200000286102295,0.11223549395799637/1.0,0.7000000476837158,1.0,1.0,3.299999952316284,1.0,0.20000000298023224,1.0,0.30000001192092896,0,0,0.20000000298023224,0.4000000059604645,2.490000009536743,0.7200000286102295,-0.11223549395799637/-1.0,0.7000000476837158,-1.0,-1.0,4.300000190734863,-1.0,0.20000000298023224,1.0,0.30000001192092896,0,0,0.20000000298023224,0.4000000059604645,2.490000009536743,0.6000000238418579,0.10016743093729019/1.0,0.7000000476837158,-1.0,1.0,3.9000000953674316,-1.0,0.20000000298023224,1.0,0.30000001192092896,0,0,0.20000000298023224,0.4000000059604645,2.490000009536743,0.6000000238418579,-0.10016743093729019	1.25,1.25,1.25,1.25	0.0,15.200000762939453,0.0	123	999
material_1	0.0,0.0,1,2,0,0,0,0.0,1.0,12.0,0.4,1.2,0.25,0,0.125,2.49,0.4,0.2	0.0,1.0,0.0	0.2,1.0,0.3	1.0,3.0,2.0	0.0,0.1,0.2,0.30000000000000004,0.4,0.5,0.6000000000000001,0.7000000000000001,0.8,0.9	-	-1.0,0.3,1.0/1.0,0.3,1.0/-1.0,0.3,-1.0/1.0,0.3,-1.0	-1.0,0.7000000476837158,1.0,-1.0,0.4000000059604645,1.0,0.0,0.9998999834060669,-0.0,1,1,0.4000000059604645,0.0,0.0,-0.02500002086162567,0.04001067951321602/1.0,0.7000000476837158,1.0,1.0,0.4000000059604645,1.0,0.0,0.9998999834060669,-0.0,1,1,0.4000000059604645,0.0,0.0,-0.02500002086162567,-0.04001067951321602/-1.0,0.7000000476837158,-1.0,-1.0,0.4000000059604645,-1.0,0.0,0.9998999834060669,-0.0,1,1,0.4000000059604645,0.0,0.0,-0.02500002086162567,0.04001067951321602/1.0,0.7000000476837158,-1.0,1.0,0.4000000059604645,-1.0,0.0,0.9998999834060669,-0.0,1,1,0.4000000059604645,0.0,0.0,-0.02500002086162567,-0.04001067951321602	1.0,1.0,1.0,1.0	0.0,1.600000023841858,0.0	65051	991428123
material_2	0.0,0.0,2,2,0,0,0,0.0,1.0,12.0,0.4,1.2,0.25,0,0.125,2.49,0.4,0.2	0.0,1.0,0.0	0.2,1.0,0.3	1.0,3.0,2.0	0.0,0.1,0.2,0.30000000000000004,0.4,0.5,0.6000000000000001,0.7000000000000001,0.8,0.9	-	-1.0,0.3,1.0/1.0,0.3,1.0/-1.0,0.3,-1.0/1.0,0.3,-1.0	-1.0,0.7000000476837158,1.0,-1.0,0.4000000059604645,1.0,0.0,0.9998999834060669,-0.0,2,1,0.4000000059604645,0.0013035584706813097,0.0,-0.02500002086162567,0.04001067951321602/1.0,0.7000000476837158,1.0,1.0,0.4000000059604645,1.0,0.0,0.9998999834060669,-0.0,2,1,0.4000000059604645,-0.01624801754951477,0.0,-0.02500002086162567,-0.04001067951321602/-1.0,0.7000000476837158,-1.0,-1.0,0.4000000059604645,-1.0,0.0,0.9998999834060669,-0.0,2,1,0.4000000059604645,-0.024284973740577698,0.0,-0.02500002086162567,0.04001067951321602/1.0,0.7000000476837158,-1.0,1.0,0.4000000059604645,-1.0,0.0,0.9998999834060669,-0.0,2,1,0.4000000059604645,0.0021884154994040728,0.0,-0.02500002086162567,-0.04001067951321602	1.0,1.0,1.0,1.0	0.0,1.600000023841858,0.0	65051	991428123
material_3	0.0,0.0,3,2,0,0,0,0.0,1.0,12.0,0.4,1.2,0.25,0,0.125,2.49,0.4,0.2	0.0,1.0,0.0	0.2,1.0,0.3	1.0,3.0,2.0	0.0,0.1,0.2,0.30000000000000004,0.4,0.5,0.6000000000000001,0.7000000000000001,0.8,0.9	-	-1.0,0.3,1.0/1.0,0.3,1.0/-1.0,0.3,-1.0/1.0,0.3,-1.0	-1.0,0.7000000476837158,1.0,-1.0,0.4000000059604645,1.0,0.0,0.9998999834060669,-0.0,3,1,0.4000000059604645,0.004345194902271032,0.0,-0.02500002086162567,0.04001067951321602/1.0,0.7000000476837158,1.0,1.0,0.4000000059604645,1.0,0.0,0.9998999834060669,-0.0,3,1,0.4000000059604645,-0.05416005849838257,0.0,-0.02500002086162567,-0.04001067951321602/-1.0,0.7000000476837158,-1.0,-1.0,0.4000000059604645,-1.0,0.0,0.9998999834060669,-0.0,3,1,0.4000000059604645,-0.08094990998506546,0.0,-0.02500002086162567,0.04001067951321602/1.0,0.7000000476837158,-1.0,1.0,0.4000000059604645,-1.0,0.0,0.9998999834060669,-0.0,3,1,0.4000000059604645,0.007294719107449055,0.0,-0.02500002086162567,-0.04001067951321602	1.0,1.0,1.0,1.0	0.0,1.600000023841858,0.0	65051	991428123
material_4	0.0,0.0,4,2,0,0,0,0.0,1.0,12.0,0.4,1.2,0.25,0,0.125,2.49,0.4,0.2	0.0,1.0,0.0	0.2,1.0,0.3	1.0,3.0,2.0	0.0,0.1,0.2,0.30000000000000004,0.4,0.5,0.6000000000000001,0.7000000000000001,0.8,0.9	-	-1.0,0.3,1.0/1.0,0.3,1.0/-1.0,0.3,-1.0/1.0,0.3,-1.0	-1.0,0.7000000476837158,1.0,-1.0,0.4000000059604645,1.0,0.0,0.9998999834060669,-0.0,4,1,0.4000000059604645,0.0013035584706813097,0.0,-0.02500002086162567,0.04001067951321602/1.0,0.7000000476837158,1.0,1.0,0.4000000059604645,1.0,0.0,0.9998999834060669,-0.0,4,1,0.4000000059604645,-0.01624801754951477,0.0,-0.02500002086162567,-0.04001067951321602/-1.0,0.7000000476837158,-1.0,-1.0,0.4000000059604645,-1.0,0.0,0.9998999834060669,-0.0,4,1,0.4000000059604645,-0.024284973740577698,0.0,-0.02500002086162567,0.04001067951321602/1.0,0.7000000476837158,-1.0,1.0,0.4000000059604645,-1.0,0.0,0.9998999834060669,-0.0,4,1,0.4000000059604645,0.0021884154994040728,0.0,-0.02500002086162567,-0.04001067951321602	1.0,1.0,1.0,1.0	0.0,1.600000023841858,0.0	65051	991428123
material_5	0.0,0.0,5,2,0,0,0,0.0,1.0,12.0,0.4,1.2,0.25,0,0.125,2.49,0.4,0.2	0.0,1.0,0.0	0.2,1.0,0.3	1.0,3.0,2.0	0.0,0.1,0.2,0.30000000000000004,0.4,0.5,0.6000000000000001,0.7000000000000001,0.8,0.9	-	-1.0,0.3,1.0/1.0,0.3,1.0/-1.0,0.3,-1.0/1.0,0.3,-1.0	-1.0,0.7000000476837158,1.0,-1.0,0.4000000059604645,1.0,0.0,0.9998999834060669,-0.0,5,1,0.4000000059604645,0.004345194902271032,0.0,-0.02500002086162567,0.04001067951321602/1.0,0.7000000476837158,1.0,1.0,0.4000000059604645,1.0,0.0,0.9998999834060669,-0.0,5,1,0.4000000059604645,-0.05416005849838257,0.0,-0.02500002086162567,-0.04001067951321602/-1.0,0.7000000476837158,-1.0,-1.0,0.4000000059604645,-1.0,0.0,0.9998999834060669,-0.0,5,1,0.4000000059604645,-0.08094990998506546,0.0,-0.02500002086162567,0.04001067951321602/1.0,0.7000000476837158,-1.0,1.0,0.4000000059604645,-1.0,0.0,0.9998999834060669,-0.0,5,1,0.4000000059604645,0.007294719107449055,0.0,-0.02500002086162567,-0.04001067951321602	1.0,1.0,1.0,1.0	0.0,1.600000023841858,0.0	65051	991428123
material_6	0.0,0.0,6,2,0,0,0,0.0,1.0,12.0,0.4,1.2,0.25,0,0.125,2.49,0.4,0.2	0.0,1.0,0.0	0.2,1.0,0.3	1.0,3.0,2.0	0.0,0.1,0.2,0.30000000000000004,0.4,0.5,0.6000000000000001,0.7000000000000001,0.8,0.9	-	-1.0,0.3,1.0/1.0,0.3,1.0/-1.0,0.3,-1.0/1.0,0.3,-1.0	-1.0,0.7000000476837158,1.0,-1.0,0.4000000059604645,1.0,0.0,0.9998999834060669,-0.0,6,1,0.4000000059604645,0.0,0.0,-0.02500002086162567,0.04001067951321602/1.0,0.7000000476837158,1.0,1.0,0.4000000059604645,1.0,0.0,0.9998999834060669,-0.0,6,1,0.4000000059604645,0.0,0.0,-0.02500002086162567,-0.04001067951321602/-1.0,0.7000000476837158,-1.0,-1.0,0.4000000059604645,-1.0,0.0,0.9998999834060669,-0.0,6,1,0.4000000059604645,0.0,0.0,-0.02500002086162567,0.04001067951321602/1.0,0.7000000476837158,-1.0,1.0,0.4000000059604645,-1.0,0.0,0.9998999834060669,-0.0,6,1,0.4000000059604645,0.0,0.0,-0.02500002086162567,-0.04001067951321602	1.0,1.0,1.0,1.0	0.0,1.600000023841858,0.0	65051	991428123
material_7	0.0,0.0,7,2,0,0,0,0.0,1.0,12.0,0.4,1.2,0.25,0,0.125,2.49,0.4,0.2	0.0,1.0,0.0	0.2,1.0,0.3	1.0,3.0,2.0	0.0,0.1,0.2,0.30000000000000004,0.4,0.5,0.6000000000000001,0.7000000000000001,0.8,0.9	-	-1.0,0.3,1.0/1.0,0.3,1.0/-1.0,0.3,-1.0/1.0,0.3,-1.0	-1.0,0.7000000476837158,1.0,-1.0,0.4000000059604645,1.0,0.0,0.9998999834060669,-0.0,7,1,0.4000000059604645,0.0013035584706813097,0.0,-0.02500002086162567,0.04001067951321602/1.0,0.7000000476837158,1.0,1.0,0.4000000059604645,1.0,0.0,0.9998999834060669,-0.0,7,1,0.4000000059604645,-0.01624801754951477,0.0,-0.02500002086162567,-0.04001067951321602/-1.0,0.7000000476837158,-1.0,-1.0,0.4000000059604645,-1.0,0.0,0.9998999834060669,-0.0,7,1,0.4000000059604645,-0.024284973740577698,0.0,-0.02500002086162567,0.04001067951321602/1.0,0.7000000476837158,-1.0,1.0,0.4000000059604645,-1.0,0.0,0.9998999834060669,-0.0,7,1,0.4000000059604645,0.0021884154994040728,0.0,-0.02500002086162567,-0.04001067951321602	1.0,1.0,1.0,1.0	0.0,1.600000023841858,0.0	65051	991428123
material_8	0.0,0.0,8,2,0,0,0,0.0,1.0,12.0,0.4,1.2,0.25,0,0.125,2.49,0.4,0.2	0.0,1.0,0.0	0.2,1.0,0.3	1.0,3.0,2.0	0.0,0.1,0.2,0.30000000000000004,0.4,0.5,0.6000000000000001,0.7000000000000001,0.8,0.9	-	-1.0,0.3,1.0/1.0,0.3,1.0/-1.0,0.3,-1.0/1.0,0.3,-1.0	-1.0,0.7000000476837158,1.0,-1.0,0.4000000059604645,1.0,0.0,0.9998999834060669,-0.0,8,1,0.4000000059604645,0.0,0.0,-0.02500002086162567,0.04001067951321602/1.0,0.7000000476837158,1.0,1.0,0.4000000059604645,1.0,0.0,0.9998999834060669,-0.0,8,1,0.4000000059604645,0.0,0.0,-0.02500002086162567,-0.04001067951321602/-1.0,0.7000000476837158,-1.0,-1.0,0.4000000059604645,-1.0,0.0,0.9998999834060669,-0.0,8,1,0.4000000059604645,0.0,0.0,-0.02500002086162567,0.04001067951321602/1.0,0.7000000476837158,-1.0,1.0,0.4000000059604645,-1.0,0.0,0.9998999834060669,-0.0,8,1,0.4000000059604645,0.0,0.0,-0.02500002086162567,-0.04001067951321602	1.0,1.0,1.0,1.0	0.0,1.600000023841858,0.0	65051	991428123
material_9	0.0,0.0,9,2,0,0,0,0.0,1.0,12.0,0.4,1.2,0.25,0,0.125,2.49,0.4,0.2	0.0,1.0,0.0	0.2,1.0,0.3	1.0,3.0,2.0	0.0,0.1,0.2,0.30000000000000004,0.4,0.5,0.6000000000000001,0.7000000000000001,0.8,0.9	-	-1.0,0.3,1.0/1.0,0.3,1.0/-1.0,0.3,-1.0/1.0,0.3,-1.0	-1.0,0.7000000476837158,1.0,-1.0,0.4000000059604645,1.0,0.0,0.9998999834060669,-0.0,9,1,0.4000000059604645,0.004345194902271032,0.0,-0.02500002086162567,0.04001067951321602/1.0,0.7000000476837158,1.0,1.0,0.4000000059604645,1.0,0.0,0.9998999834060669,-0.0,9,1,0.4000000059604645,-0.05416005849838257,0.0,-0.02500002086162567,-0.04001067951321602/-1.0,0.7000000476837158,-1.0,-1.0,0.4000000059604645,-1.0,0.0,0.9998999834060669,-0.0,9,1,0.4000000059604645,-0.08094990998506546,0.0,-0.02500002086162567,0.04001067951321602/1.0,0.7000000476837158,-1.0,1.0,0.4000000059604645,-1.0,0.0,0.9998999834060669,-0.0,9,1,0.4000000059604645,0.007294719107449055,0.0,-0.02500002086162567,-0.04001067951321602	1.0,1.0,1.0,1.0	0.0,1.600000023841858,0.0	65051	991428123
material_10	0.0,0.0,10,2,0,0,0,0.0,1.0,12.0,0.4,1.2,0.25,0,0.125,2.49,0.4,0.2	0.0,1.0,0.0	0.2,1.0,0.3	1.0,3.0,2.0	0.0,0.1,0.2,0.30000000000000004,0.4,0.5,0.6000000000000001,0.7000000000000001,0.8,0.9	-	-1.0,0.3,1.0/1.0,0.3,1.0/-1.0,0.3,-1.0/1.0,0.3,-1.0	-1.0,0.7000000476837158,1.0,-1.0,0.4000000059604645,1.0,0.0,0.9998999834060669,-0.0,10,1,0.4000000059604645,0.0013035584706813097,0.0,-0.02500002086162567,0.04001067951321602/1.0,0.7000000476837158,1.0,1.0,0.4000000059604645,1.0,0.0,0.9998999834060669,-0.0,10,1,0.4000000059604645,-0.01624801754951477,0.0,-0.02500002086162567,-0.04001067951321602/-1.0,0.7000000476837158,-1.0,-1.0,0.4000000059604645,-1.0,0.0,0.9998999834060669,-0.0,10,1,0.4000000059604645,-0.024284973740577698,0.0,-0.02500002086162567,0.04001067951321602/1.0,0.7000000476837158,-1.0,1.0,0.4000000059604645,-1.0,0.0,0.9998999834060669,-0.0,10,1,0.4000000059604645,0.0021884154994040728,0.0,-0.02500002086162567,-0.04001067951321602	1.0,1.0,1.0,1.0	0.0,1.600000023841858,0.0	65051	991428123
material_11	0.0,0.0,11,2,0,0,0,0.0,1.0,12.0,0.4,1.2,0.25,0,0.125,2.49,0.4,0.2	0.0,1.0,0.0	0.2,1.0,0.3	1.0,3.0,2.0	0.0,0.1,0.2,0.30000000000000004,0.4,0.5,0.6000000000000001,0.7000000000000001,0.8,0.9	-	-1.0,0.3,1.0/1.0,0.3,1.0/-1.0,0.3,-1.0/1.0,0.3,-1.0	-1.0,0.7000000476837158,1.0,-1.0,0.4000000059604645,1.0,0.0,0.9998999834060669,-0.0,11,1,0.4000000059604645,0.0,0.0,-0.02500002086162567,0.04001067951321602/1.0,0.7000000476837158,1.0,1.0,0.4000000059604645,1.0,0.0,0.9998999834060669,-0.0,11,1,0.4000000059604645,0.0,0.0,-0.02500002086162567,-0.04001067951321602/-1.0,0.7000000476837158,-1.0,-1.0,0.4000000059604645,-1.0,0.0,0.9998999834060669,-0.0,11,1,0.4000000059604645,0.0,0.0,-0.02500002086162567,0.04001067951321602/1.0,0.7000000476837158,-1.0,1.0,0.4000000059604645,-1.0,0.0,0.9998999834060669,-0.0,11,1,0.4000000059604645,0.0,0.0,-0.02500002086162567,-0.04001067951321602	1.0,1.0,1.0,1.0	0.0,1.600000023841858,0.0	65051	991428123
material_12	0.0,0.0,12,2,0,0,0,0.0,1.0,12.0,0.4,1.2,0.25,0,0.125,2.49,0.4,0.2	0.0,1.0,0.0	0.2,1.0,0.3	1.0,3.0,2.0	0.0,0.1,0.2,0.30000000000000004,0.4,0.5,0.6000000000000001,0.7000000000000001,0.8,0.9	-	-1.0,0.3,1.0/1.0,0.3,1.0/-1.0,0.3,-1.0/1.0,0.3,-1.0	-1.0,0.7000000476837158,1.0,-1.0,0.4000000059604645,1.0,0.0,0.9998999834060669,-0.0,12,1,0.4000000059604645,0.0,0.0,-0.02500002086162567,0.04001067951321602/1.0,0.7000000476837158,1.0,1.0,0.4000000059604645,1.0,0.0,0.9998999834060669,-0.0,12,1,0.4000000059604645,0.0,0.0,-0.02500002086162567,-0.04001067951321602/-1.0,0.7000000476837158,-1.0,-1.0,0.4000000059604645,-1.0,0.0,0.9998999834060669,-0.0,12,1,0.4000000059604645,0.0,0.0,-0.02500002086162567,0.04001067951321602/1.0,0.7000000476837158,-1.0,1.0,0.4000000059604645,-1.0,0.0,0.9998999834060669,-0.0,12,1,0.4000000059604645,0.0,0.0,-0.02500002086162567,-0.04001067951321602	1.0,1.0,1.0,1.0	0.0,1.600000023841858,0.0	65051	991428123
material_13	0.0,0.0,13,2,0,0,0,0.0,1.0,12.0,0.4,1.2,0.25,0,0.125,2.49,0.4,0.2	0.0,1.0,0.0	0.2,1.0,0.3	1.0,3.0,2.0	0.0,0.1,0.2,0.30000000000000004,0.4,0.5,0.6000000000000001,0.7000000000000001,0.8,0.9	-	-1.0,0.3,1.0/1.0,0.3,1.0/-1.0,0.3,-1.0/1.0,0.3,-1.0	-1.0,0.7000000476837158,1.0,-1.0,0.4000000059604645,1.0,0.0,0.9998999834060669,-0.0,13,1,0.4000000059604645,0.0,0.0,-0.02500002086162567,0.04001067951321602/1.0,0.7000000476837158,1.0,1.0,0.4000000059604645,1.0,0.0,0.9998999834060669,-0.0,13,1,0.4000000059604645,0.0,0.0,-0.02500002086162567,-0.04001067951321602/-1.0,0.7000000476837158,-1.0,-1.0,0.4000000059604645,-1.0,0.0,0.9998999834060669,-0.0,13,1,0.4000000059604645,0.0,0.0,-0.02500002086162567,0.04001067951321602/1.0,0.7000000476837158,-1.0,1.0,0.4000000059604645,-1.0,0.0,0.9998999834060669,-0.0,13,1,0.4000000059604645,0.0,0.0,-0.02500002086162567,-0.04001067951321602	1.0,1.0,1.0,1.0	0.0,1.600000023841858,0.0	65051	991428123
material_14	0.0,0.0,14,2,0,0,0,0.0,1.0,12.0,0.4,1.2,0.25,0,0.125,2.49,0.4,0.2	0.0,1.0,0.0	0.2,1.0,0.3	1.0,3.0,2.0	0.0,0.1,0.2,0.30000000000000004,0.4,0.5,0.6000000000000001,0.7000000000000001,0.8,0.9	-	-1.0,0.3,1.0/1.0,0.3,1.0/-1.0,0.3,-1.0/1.0,0.3,-1.0	-1.0,0.7000000476837158,1.0,-1.0,0.4000000059604645,1.0,0.0,0.9998999834060669,-0.0,14,1,0.4000000059604645,0.0,0.0,-0.02500002086162567,0.04001067951321602/1.0,0.7000000476837158,1.0,1.0,0.4000000059604645,1.0,0.0,0.9998999834060669,-0.0,14,1,0.4000000059604645,0.0,0.0,-0.02500002086162567,-0.04001067951321602/-1.0,0.7000000476837158,-1.0,-1.0,0.4000000059604645,-1.0,0.0,0.9998999834060669,-0.0,14,1,0.4000000059604645,0.0,0.0,-0.02500002086162567,0.04001067951321602/1.0,0.7000000476837158,-1.0,1.0,0.4000000059604645,-1.0,0.0,0.9998999834060669,-0.0,14,1,0.4000000059604645,0.0,0.0,-0.02500002086162567,-0.04001067951321602	1.0,1.0,1.0,1.0	0.0,1.600000023841858,0.0	65051	991428123
material_15	0.0,0.0,15,2,0,0,0,0.0,1.0,12.0,0.4,1.2,0.25,0,0.125,2.49,0.4,0.2	0.0,1.0,0.0	0.2,1.0,0.3	1.0,3.0,2.0	0.0,0.1,0.2,0.30000000000000004,0.4,0.5,0.6000000000000001,0.7000000000000001,0.8,0.9	-	-1.0,0.3,1.0/1.0,0.3,1.0/-1.0,0.3,-1.0/1.0,0.3,-1.0	-1.0,0.7000000476837158,1.0,-1.0,0.4000000059604645,1.0,0.0,0.9998999834060669,-0.0,15,1,0.4000000059604645,0.0,0.0,-0.02500002086162567,0.04001067951321602/1.0,0.7000000476837158,1.0,1.0,0.4000000059604645,1.0,0.0,0.9998999834060669,-0.0,15,1,0.4000000059604645,0.0,0.0,-0.02500002086162567,-0.04001067951321602/-1.0,0.7000000476837158,-1.0,-1.0,0.4000000059604645,-1.0,0.0,0.9998999834060669,-0.0,15,1,0.4000000059604645,0.0,0.0,-0.02500002086162567,0.04001067951321602/1.0,0.7000000476837158,-1.0,1.0,0.4000000059604645,-1.0,0.0,0.9998999834060669,-0.0,15,1,0.4000000059604645,0.0,0.0,-0.02500002086162567,-0.04001067951321602	1.0,1.0,1.0,1.0	0.0,1.600000023841858,0.0	65051	991428123
