name	segment	gate	selected	endpoints	word
leaf	0.0,0.0,-2.0,0.0,0.0,2.0	1	e0	-4.0,0.0,0.0,4.0,0.0,0.0	10
leaf	0.0,0.0,-2.0,0.0,0.0,2.0	0	-	-	-
leaf	0.0,5.0,-2.0,0.0,5.0,2.0	1	e3	0.0,3.0,0.0,1.0,3.0,0.0	13
leaf	0.0,5.0,-2.0,0.0,5.0,2.0	0	-	-	-
leaf	0.0,9.0,-2.0,0.0,9.0,2.0	1	e1	-4.0,10.0,0.0,4.0,10.0,0.0	11
leaf	0.0,9.0,-2.0,0.0,9.0,2.0	0	-	-	-
leaf	0.0,0.0,0.0,0.0,0.0,2.0	1	e0	-4.0,0.0,0.0,4.0,0.0,0.0	10
leaf	20.0,0.0,20.0,30.0,0.0,30.0	1	-	-	-
leaf	-2.0,0.0,0.0,2.0,0.0,0.0	1	e4	0.0,0.0,-4.0,0.0,0.0,4.0	14
split	0.0,0.0,-2.0,0.0,0.0,2.0	1	e0	-4.0,0.0,0.0,4.0,0.0,0.0	10
split	0.0,0.0,-2.0,0.0,0.0,2.0	0	-	-	-
split	0.0,5.0,-2.0,0.0,5.0,2.0	1	e3	0.0,3.0,0.0,1.0,3.0,0.0	13
split	0.0,5.0,-2.0,0.0,5.0,2.0	0	-	-	-
split	0.0,9.0,-2.0,0.0,9.0,2.0	1	e1	-4.0,10.0,0.0,4.0,10.0,0.0	11
split	0.0,9.0,-2.0,0.0,9.0,2.0	0	-	-	-
split	0.0,0.0,0.0,0.0,0.0,2.0	1	e0	-4.0,0.0,0.0,4.0,0.0,0.0	10
split	20.0,0.0,20.0,30.0,0.0,30.0	1	-	-	-
split	-2.0,0.0,0.0,2.0,0.0,0.0	1	e4	0.0,0.0,-4.0,0.0,0.0,4.0	14
reverse	0.0,0.0,-2.0,0.0,0.0,2.0	1	e2	4.0,0.0,0.0,-4.0,0.0,0.0	12
reverse	0.0,0.0,-2.0,0.0,0.0,2.0	0	-	-	-
reverse	0.0,5.0,-2.0,0.0,5.0,2.0	1	e3	0.0,3.0,0.0,1.0,3.0,0.0	13
reverse	0.0,5.0,-2.0,0.0,5.0,2.0	0	-	-	-
reverse	0.0,9.0,-2.0,0.0,9.0,2.0	1	e1	-4.0,10.0,0.0,4.0,10.0,0.0	11
reverse	0.0,9.0,-2.0,0.0,9.0,2.0	0	-	-	-
reverse	0.0,0.0,0.0,0.0,0.0,2.0	1	e2	4.0,0.0,0.0,-4.0,0.0,0.0	12
reverse	20.0,0.0,20.0,30.0,0.0,30.0	1	-	-	-
reverse	-2.0,0.0,0.0,2.0,0.0,0.0	1	e4	0.0,0.0,-4.0,0.0,0.0,4.0	14
