name	cached	point	displacement	velocity	angular	alternate	selected	prepared	position	next_velocity	speed	local	next_angular	field434	wheels	wheel_fields	db8	dc0	magnitude
inside_-10.0_0_0	-	2.0,1.0,2.0	0.125,-0.25,0.5	-10.0,2.0,3.0	0	0	0	0.13124999403953552,-0.26249998807907104,0.5249999761581421	2.1312499046325684,2.737499952316284,2.5250000953674316	0.9980000257492065,1.996000051498413,2.99399995803833	3.243499994277954	0.9980000257492065,1.996000051498413,2.99399995803833	0.375	1234.0	4.131249904632568,5.0,6.525000095367432,4.131249904632568,5.0,6.525000095367432,4.131249904632568,5.0,6.525000095367432,4.131249904632568,5.0,6.525000095367432	9.0,9.0,9.0,9.0	7.0	8.0	30.0
inside_-10.0_1_0	-	2.0,1.0,2.0	0.125,-0.25,0.5	-10.0,2.0,3.0	1	0	0	0.13124999403953552,-0.26249998807907104,0.5249999761581421	2.1312499046325684,2.737499952316284,2.5250000953674316	0.9980000257492065,1.996000051498413,2.99399995803833	3.243499994277954	0.9980000257492065,1.996000051498413,2.99399995803833	0.0	0.0	4.131249904632568,5.0,6.525000095367432,4.131249904632568,5.0,6.525000095367432,4.131249904632568,5.0,6.525000095367432,4.131249904632568,5.0,6.525000095367432	9.0,9.0,9.0,9.0	7.0	8.0	30.0
inside_-10.0_1_1	-	2.0,1.0,2.0	0.125,-0.25,0.5	-10.0,2.0,3.0	1	1	0	0.13124999403953552,-0.26249998807907104,0.5249999761581421	2.1312499046325684,2.737499952316284,2.5250000953674316	0.9980000257492065,1.996000051498413,2.99399995803833	3.243499994277954	-2.99399995803833,1.996000051498413,0.9980000257492065	0.0	0.0	4.131249904632568,5.0,6.525000095367432,4.131249904632568,5.0,6.525000095367432,4.131249904632568,5.0,6.525000095367432,4.131249904632568,5.0,6.525000095367432	0.0,0.0,0.0,0.0	0.0	0.0	30.0
inside_10.0_0_0	-	2.0,1.0,2.0	0.125,-0.25,0.5	10.0,2.0,3.0	0	0	0	0.13124999403953552,-0.26249998807907104,0.5249999761581421	2.0,3.0,2.0	10.0,2.0,3.0	10.75	11.0,12.0,25.0	0.375	1234.0	4.0,5.0,6.0,4.0,5.0,6.0,4.0,5.0,6.0,4.0,5.0,6.0	9.0,9.0,9.0,9.0	7.0	8.0	0.0
inside_10.0_1_0	-	2.0,1.0,2.0	0.125,-0.25,0.5	10.0,2.0,3.0	1	0	0	0.13124999403953552,-0.26249998807907104,0.5249999761581421	2.0,3.0,2.0	10.0,2.0,3.0	10.75	11.0,12.0,25.0	0.375	1234.0	4.0,5.0,6.0,4.0,5.0,6.0,4.0,5.0,6.0,4.0,5.0,6.0	9.0,9.0,9.0,9.0	7.0	8.0	0.0
inside_10.0_1_1	-	2.0,1.0,2.0	0.125,-0.25,0.5	10.0,2.0,3.0	1	1	0	0.13124999403953552,-0.26249998807907104,0.5249999761581421	2.0,3.0,2.0	10.0,2.0,3.0	10.75	11.0,12.0,25.0	0.375	1234.0	4.0,5.0,6.0,4.0,5.0,6.0,4.0,5.0,6.0,4.0,5.0,6.0	9.0,9.0,9.0,9.0	7.0	8.0	0.0
inside_-0.1_0_0	-	2.0,1.0,2.0	0.125,-0.25,0.5	-0.1,2.0,40.0	0	0	0	0.13124999403953552,-0.26249998807907104,0.5249999761581421	2.1312499046325684,2.737499952316284,2.5250000953674316	0.009980005212128162,1.996000051498413,39.92000198364258	39.9224967956543	0.009980005212128162,1.996000051498413,39.92000198364258	0.375	1234.0	4.131249904632568,5.0,6.525000095367432,4.131249904632568,5.0,6.525000095367432,4.131249904632568,5.0,6.525000095367432,4.131249904632568,5.0,6.525000095367432	9.0,9.0,9.0,9.0	7.0	8.0	10.006250381469727
inside_-0.1_1_0	-	2.0,1.0,2.0	0.125,-0.25,0.5	-0.1,2.0,40.0	1	0	0	0.13124999403953552,-0.26249998807907104,0.5249999761581421	2.1312499046325684,2.737499952316284,2.5250000953674316	0.009980005212128162,1.996000051498413,39.92000198364258	39.9224967956543	0.009980005212128162,1.996000051498413,39.92000198364258	0.0	0.0	4.131249904632568,5.0,6.525000095367432,4.131249904632568,5.0,6.525000095367432,4.131249904632568,5.0,6.525000095367432,4.131249904632568,5.0,6.525000095367432	9.0,9.0,9.0,9.0	7.0	8.0	10.006250381469727
inside_-0.1_1_1	-	2.0,1.0,2.0	0.125,-0.25,0.5	-0.1,2.0,40.0	1	1	0	0.13124999403953552,-0.26249998807907104,0.5249999761581421	2.1312499046325684,2.737499952316284,2.5250000953674316	0.009980005212128162,1.996000051498413,39.92000198364258	39.9224967956543	-39.92000198364258,1.996000051498413,0.009980005212128162	0.0	0.0	4.131249904632568,5.0,6.525000095367432,4.131249904632568,5.0,6.525000095367432,4.131249904632568,5.0,6.525000095367432,4.131249904632568,5.0,6.525000095367432	0.0,0.0,0.0,0.0	0.0	0.0	10.006250381469727
outside_-10.0_0_0	2.0,1.0,2.0	20.0,1.0,20.0	0.125,-0.25,0.5	-10.0,2.0,3.0	0	0	-	0.0,0.0,0.0	2.0,3.0,2.0	0.9980000257492065,1.996000051498413,2.99399995803833	3.243499994277954	0.9980000257492065,1.996000051498413,2.99399995803833	0.375	1234.0	4.0,5.0,6.0,4.0,5.0,6.0,4.0,5.0,6.0,4.0,5.0,6.0	9.0,9.0,9.0,9.0	7.0	8.0	30.0
outside_-10.0_1_0	2.0,1.0,2.0	20.0,1.0,20.0	0.125,-0.25,0.5	-10.0,2.0,3.0	1	0	-	0.0,0.0,0.0	2.0,3.0,2.0	0.9980000257492065,1.996000051498413,2.99399995803833	3.243499994277954	0.9980000257492065,1.996000051498413,2.99399995803833	0.0	0.0	4.0,5.0,6.0,4.0,5.0,6.0,4.0,5.0,6.0,4.0,5.0,6.0	9.0,9.0,9.0,9.0	7.0	8.0	30.0
outside_-10.0_1_1	2.0,1.0,2.0	20.0,1.0,20.0	0.125,-0.25,0.5	-10.0,2.0,3.0	1	1	-	0.0,0.0,0.0	2.0,3.0,2.0	0.9980000257492065,1.996000051498413,2.99399995803833	3.243499994277954	-2.99399995803833,1.996000051498413,0.9980000257492065	0.0	0.0	4.0,5.0,6.0,4.0,5.0,6.0,4.0,5.0,6.0,4.0,5.0,6.0	0.0,0.0,0.0,0.0	0.0	0.0	30.0
outside_10.0_0_0	2.0,1.0,2.0	20.0,1.0,20.0	0.125,-0.25,0.5	10.0,2.0,3.0	0	0	-	0.0,0.0,0.0	2.0,3.0,2.0	10.0,2.0,3.0	10.75	11.0,12.0,25.0	0.375	1234.0	4.0,5.0,6.0,4.0,5.0,6.0,4.0,5.0,6.0,4.0,5.0,6.0	9.0,9.0,9.0,9.0	7.0	8.0	0.0
outside_10.0_1_0	2.0,1.0,2.0	20.0,1.0,20.0	0.125,-0.25,0.5	10.0,2.0,3.0	1	0	-	0.0,0.0,0.0	2.0,3.0,2.0	10.0,2.0,3.0	10.75	11.0,12.0,25.0	0.375	1234.0	4.0,5.0,6.0,4.0,5.0,6.0,4.0,5.0,6.0,4.0,5.0,6.0	9.0,9.0,9.0,9.0	7.0	8.0	0.0
outside_10.0_1_1	2.0,1.0,2.0	20.0,1.0,20.0	0.125,-0.25,0.5	10.0,2.0,3.0	1	1	-	0.0,0.0,0.0	2.0,3.0,2.0	10.0,2.0,3.0	10.75	11.0,12.0,25.0	0.375	1234.0	4.0,5.0,6.0,4.0,5.0,6.0,4.0,5.0,6.0,4.0,5.0,6.0	9.0,9.0,9.0,9.0	7.0	8.0	0.0
outside_-0.1_0_0	2.0,1.0,2.0	20.0,1.0,20.0	0.125,-0.25,0.5	-0.1,2.0,40.0	0	0	-	0.0,0.0,0.0	2.0,3.0,2.0	0.009980005212128162,1.996000051498413,39.92000198364258	39.9224967956543	0.009980005212128162,1.996000051498413,39.92000198364258	0.375	1234.0	4.0,5.0,6.0,4.0,5.0,6.0,4.0,5.0,6.0,4.0,5.0,6.0	9.0,9.0,9.0,9.0	7.0	8.0	10.006250381469727
outside_-0.1_1_0	2.0,1.0,2.0	20.0,1.0,20.0	0.125,-0.25,0.5	-0.1,2.0,40.0	1	0	-	0.0,0.0,0.0	2.0,3.0,2.0	0.009980005212128162,1.996000051498413,39.92000198364258	39.9224967956543	0.009980005212128162,1.996000051498413,39.92000198364258	0.0	0.0	4.0,5.0,6.0,4.0,5.0,6.0,4.0,5.0,6.0,4.0,5.0,6.0	9.0,9.0,9.0,9.0	7.0	8.0	10.006250381469727
outside_-0.1_1_1	2.0,1.0,2.0	20.0,1.0,20.0	0.125,-0.25,0.5	-0.1,2.0,40.0	1	1	-	0.0,0.0,0.0	2.0,3.0,2.0	0.009980005212128162,1.996000051498413,39.92000198364258	39.9224967956543	-39.92000198364258,1.996000051498413,0.009980005212128162	0.0	0.0	4.0,5.0,6.0,4.0,5.0,6.0,4.0,5.0,6.0,4.0,5.0,6.0	0.0,0.0,0.0,0.0	0.0	0.0	10.006250381469727
cross_out_-10.0_0_0	2.0,1.0,2.0	2.0,1.0,2.0	20.0,0.0,20.0	-10.0,2.0,3.0	0	0	-	0.0,0.0,0.0	2.0,3.0,2.0	0.9980000257492065,1.996000051498413,2.99399995803833	3.243499994277954	0.9980000257492065,1.996000051498413,2.99399995803833	0.375	1234.0	4.0,5.0,6.0,4.0,5.0,6.0,4.0,5.0,6.0,4.0,5.0,6.0	9.0,9.0,9.0,9.0	7.0	8.0	30.0
cross_out_-10.0_1_0	2.0,1.0,2.0	2.0,1.0,2.0	20.0,0.0,20.0	-10.0,2.0,3.0	1	0	-	0.0,0.0,0.0	2.0,3.0,2.0	0.9980000257492065,1.996000051498413,2.99399995803833	3.243499994277954	0.9980000257492065,1.996000051498413,2.99399995803833	0.0	0.0	4.0,5.0,6.0,4.0,5.0,6.0,4.0,5.0,6.0,4.0,5.0,6.0	9.0,9.0,9.0,9.0	7.0	8.0	30.0
cross_out_-10.0_1_1	2.0,1.0,2.0	2.0,1.0,2.0	20.0,0.0,20.0	-10.0,2.0,3.0	1	1	-	0.0,0.0,0.0	2.0,3.0,2.0	0.9980000257492065,1.996000051498413,2.99399995803833	3.243499994277954	-2.99399995803833,1.996000051498413,0.9980000257492065	0.0	0.0	4.0,5.0,6.0,4.0,5.0,6.0,4.0,5.0,6.0,4.0,5.0,6.0	0.0,0.0,0.0,0.0	0.0	0.0	30.0
cross_out_10.0_0_0	2.0,1.0,2.0	2.0,1.0,2.0	20.0,0.0,20.0	10.0,2.0,3.0	0	0	-	0.0,0.0,0.0	2.0,3.0,2.0	10.0,2.0,3.0	10.75	11.0,12.0,25.0	0.375	1234.0	4.0,5.0,6.0,4.0,5.0,6.0,4.0,5.0,6.0,4.0,5.0,6.0	9.0,9.0,9.0,9.0	7.0	8.0	0.0
cross_out_10.0_1_0	2.0,1.0,2.0	2.0,1.0,2.0	20.0,0.0,20.0	10.0,2.0,3.0	1	0	-	0.0,0.0,0.0	2.0,3.0,2.0	10.0,2.0,3.0	10.75	11.0,12.0,25.0	0.375	1234.0	4.0,5.0,6.0,4.0,5.0,6.0,4.0,5.0,6.0,4.0,5.0,6.0	9.0,9.0,9.0,9.0	7.0	8.0	0.0
cross_out_10.0_1_1	2.0,1.0,2.0	2.0,1.0,2.0	20.0,0.0,20.0	10.0,2.0,3.0	1	1	-	0.0,0.0,0.0	2.0,3.0,2.0	10.0,2.0,3.0	10.75	11.0,12.0,25.0	0.375	1234.0	4.0,5.0,6.0,4.0,5.0,6.0,4.0,5.0,6.0,4.0,5.0,6.0	9.0,9.0,9.0,9.0	7.0	8.0	0.0
cross_out_-0.1_0_0	2.0,1.0,2.0	2.0,1.0,2.0	20.0,0.0,20.0	-0.1,2.0,40.0	0	0	-	0.0,0.0,0.0	2.0,3.0,2.0	0.009980005212128162,1.996000051498413,39.92000198364258	39.9224967956543	0.009980005212128162,1.996000051498413,39.92000198364258	0.375	1234.0	4.0,5.0,6.0,4.0,5.0,6.0,4.0,5.0,6.0,4.0,5.0,6.0	9.0,9.0,9.0,9.0	7.0	8.0	10.006250381469727
cross_out_-0.1_1_0	2.0,1.0,2.0	2.0,1.0,2.0	20.0,0.0,20.0	-0.1,2.0,40.0	1	0	-	0.0,0.0,0.0	2.0,3.0,2.0	0.009980005212128162,1.996000051498413,39.92000198364258	39.9224967956543	0.009980005212128162,1.996000051498413,39.92000198364258	0.0	0.0	4.0,5.0,6.0,4.0,5.0,6.0,4.0,5.0,6.0,4.0,5.0,6.0	9.0,9.0,9.0,9.0	7.0	8.0	10.006250381469727
cross_out_-0.1_1_1	2.0,1.0,2.0	2.0,1.0,2.0	20.0,0.0,20.0	-0.1,2.0,40.0	1	1	-	0.0,0.0,0.0	2.0,3.0,2.0	0.009980005212128162,1.996000051498413,39.92000198364258	39.9224967956543	-39.92000198364258,1.996000051498413,0.009980005212128162	0.0	0.0	4.0,5.0,6.0,4.0,5.0,6.0,4.0,5.0,6.0,4.0,5.0,6.0	0.0,0.0,0.0,0.0	0.0	0.0	10.006250381469727
cross_in_-10.0_0_0	-	20.0,1.0,20.0	-18.0,0.0,-18.0	-10.0,2.0,3.0	0	0	0	-18.899999618530273,0.0,-18.899999618530273	-16.899999618530273,3.0,-16.899999618530273	0.9980000257492065,1.996000051498413,2.99399995803833	3.243499994277954	0.9980000257492065,1.996000051498413,2.99399995803833	0.375	1234.0	-14.899999618530273,5.0,-12.899999618530273,-14.899999618530273,5.0,-12.899999618530273,-14.899999618530273,5.0,-12.899999618530273,-14.899999618530273,5.0,-12.899999618530273	9.0,9.0,9.0,9.0	7.0	8.0	30.0
cross_in_-10.0_1_0	-	20.0,1.0,20.0	-18.0,0.0,-18.0	-10.0,2.0,3.0	1	0	0	-18.899999618530273,0.0,-18.899999618530273	-16.899999618530273,3.0,-16.899999618530273	0.9980000257492065,1.996000051498413,2.99399995803833	3.243499994277954	0.9980000257492065,1.996000051498413,2.99399995803833	0.0	0.0	-14.899999618530273,5.0,-12.899999618530273,-14.899999618530273,5.0,-12.899999618530273,-14.899999618530273,5.0,-12.899999618530273,-14.899999618530273,5.0,-12.899999618530273	9.0,9.0,9.0,9.0	7.0	8.0	30.0
cross_in_-10.0_1_1	-	20.0,1.0,20.0	-18.0,0.0,-18.0	-10.0,2.0,3.0	1	1	0	-18.899999618530273,0.0,-18.899999618530273	-16.899999618530273,3.0,-16.899999618530273	0.9980000257492065,1.996000051498413,2.99399995803833	3.243499994277954	-2.99399995803833,1.996000051498413,0.9980000257492065	0.0	0.0	-14.899999618530273,5.0,-12.899999618530273,-14.899999618530273,5.0,-12.899999618530273,-14.899999618530273,5.0,-12.899999618530273,-14.899999618530273,5.0,-12.899999618530273	0.0,0.0,0.0,0.0	0.0	0.0	30.0
cross_in_10.0_0_0	-	20.0,1.0,20.0	-18.0,0.0,-18.0	10.0,2.0,3.0	0	0	0	-18.899999618530273,0.0,-18.899999618530273	2.0,3.0,2.0	10.0,2.0,3.0	10.75	11.0,12.0,25.0	0.375	1234.0	4.0,5.0,6.0,4.0,5.0,6.0,4.0,5.0,6.0,4.0,5.0,6.0	9.0,9.0,9.0,9.0	7.0	8.0	0.0
cross_in_10.0_1_0	-	20.0,1.0,20.0	-18.0,0.0,-18.0	10.0,2.0,3.0	1	0	0	-18.899999618530273,0.0,-18.899999618530273	2.0,3.0,2.0	10.0,2.0,3.0	10.75	11.0,12.0,25.0	0.375	1234.0	4.0,5.0,6.0,4.0,5.0,6.0,4.0,5.0,6.0,4.0,5.0,6.0	9.0,9.0,9.0,9.0	7.0	8.0	0.0
cross_in_10.0_1_1	-	20.0,1.0,20.0	-18.0,0.0,-18.0	10.0,2.0,3.0	1	1	0	-18.899999618530273,0.0,-18.899999618530273	2.0,3.0,2.0	10.0,2.0,3.0	10.75	11.0,12.0,25.0	0.375	1234.0	4.0,5.0,6.0,4.0,5.0,6.0,4.0,5.0,6.0,4.0,5.0,6.0	9.0,9.0,9.0,9.0	7.0	8.0	0.0
cross_in_-0.1_0_0	-	20.0,1.0,20.0	-18.0,0.0,-18.0	-0.1,2.0,40.0	0	0	0	-18.899999618530273,0.0,-18.899999618530273	-16.899999618530273,3.0,-16.899999618530273	0.009980005212128162,1.996000051498413,39.92000198364258	39.9224967956543	0.009980005212128162,1.996000051498413,39.92000198364258	0.375	1234.0	-14.899999618530273,5.0,-12.899999618530273,-14.899999618530273,5.0,-12.899999618530273,-14.899999618530273,5.0,-12.899999618530273,-14.899999618530273,5.0,-12.899999618530273	9.0,9.0,9.0,9.0	7.0	8.0	10.006250381469727
cross_in_-0.1_1_0	-	20.0,1.0,20.0	-18.0,0.0,-18.0	-0.1,2.0,40.0	1	0	0	-18.899999618530273,0.0,-18.899999618530273	-16.899999618530273,3.0,-16.899999618530273	0.009980005212128162,1.996000051498413,39.92000198364258	39.9224967956543	0.009980005212128162,1.996000051498413,39.92000198364258	0.0	0.0	-14.899999618530273,5.0,-12.899999618530273,-14.899999618530273,5.0,-12.899999618530273,-14.899999618530273,5.0,-12.899999618530273,-14.899999618530273,5.0,-12.899999618530273	9.0,9.0,9.0,9.0	7.0	8.0	10.006250381469727
cross_in_-0.1_1_1	-	20.0,1.0,20.0	-18.0,0.0,-18.0	-0.1,2.0,40.0	1	1	0	-18.899999618530273,0.0,-18.899999618530273	-16.899999618530273,3.0,-16.899999618530273	0.009980005212128162,1.996000051498413,39.92000198364258	39.9224967956543	-39.92000198364258,1.996000051498413,0.009980005212128162	0.0	0.0	-14.899999618530273,5.0,-12.899999618530273,-14.899999618530273,5.0,-12.899999618530273,-14.899999618530273,5.0,-12.899999618530273,-14.899999618530273,5.0,-12.899999618530273	0.0,0.0,0.0,0.0	0.0	0.0	10.006250381469727
fresh_high_-10.0_0_0	2.0,1.0,2.0	2.0,9.0,2.0	0.125,0.0,0.5	-10.0,2.0,3.0	0	0	1	0.13124999403953552,0.0,0.5249999761581421	2.1312499046325684,3.0,2.5250000953674316	0.9980000257492065,1.996000051498413,2.99399995803833	3.243499994277954	0.9980000257492065,1.996000051498413,2.99399995803833	0.375	1234.0	4.131249904632568,5.0,6.525000095367432,4.131249904632568,5.0,6.525000095367432,4.131249904632568,5.0,6.525000095367432,4.131249904632568,5.0,6.525000095367432	9.0,9.0,9.0,9.0	7.0	8.0	30.0
fresh_high_-10.0_1_0	2.0,1.0,2.0	2.0,9.0,2.0	0.125,0.0,0.5	-10.0,2.0,3.0	1	0	1	0.13124999403953552,0.0,0.5249999761581421	2.1312499046325684,3.0,2.5250000953674316	0.9980000257492065,1.996000051498413,2.99399995803833	3.243499994277954	0.9980000257492065,1.996000051498413,2.99399995803833	0.0	0.0	4.131249904632568,5.0,6.525000095367432,4.131249904632568,5.0,6.525000095367432,4.131249904632568,5.0,6.525000095367432,4.131249904632568,5.0,6.525000095367432	9.0,9.0,9.0,9.0	7.0	8.0	30.0
fresh_high_-10.0_1_1	2.0,1.0,2.0	2.0,9.0,2.0	0.125,0.0,0.5	-10.0,2.0,3.0	1	1	1	0.13124999403953552,0.0,0.5249999761581421	2.1312499046325684,3.0,2.5250000953674316	0.9980000257492065,1.996000051498413,2.99399995803833	3.243499994277954	-2.99399995803833,1.996000051498413,0.9980000257492065	0.0	0.0	4.131249904632568,5.0,6.525000095367432,4.131249904632568,5.0,6.525000095367432,4.131249904632568,5.0,6.525000095367432,4.131249904632568,5.0,6.525000095367432	0.0,0.0,0.0,0.0	0.0	0.0	30.0
fresh_high_10.0_0_0	2.0,1.0,2.0	2.0,9.0,2.0	0.125,0.0,0.5	10.0,2.0,3.0	0	0	1	0.13124999403953552,0.0,0.5249999761581421	2.0,3.0,2.0	10.0,2.0,3.0	10.75	11.0,12.0,25.0	0.375	1234.0	4.0,5.0,6.0,4.0,5.0,6.0,4.0,5.0,6.0,4.0,5.0,6.0	9.0,9.0,9.0,9.0	7.0	8.0	0.0
fresh_high_10.0_1_0	2.0,1.0,2.0	2.0,9.0,2.0	0.125,0.0,0.5	10.0,2.0,3.0	1	0	1	0.13124999403953552,0.0,0.5249999761581421	2.0,3.0,2.0	10.0,2.0,3.0	10.75	11.0,12.0,25.0	0.375	1234.0	4.0,5.0,6.0,4.0,5.0,6.0,4.0,5.0,6.0,4.0,5.0,6.0	9.0,9.0,9.0,9.0	7.0	8.0	0.0
fresh_high_10.0_1_1	2.0,1.0,2.0	2.0,9.0,2.0	0.125,0.0,0.5	10.0,2.0,3.0	1	1	1	0.13124999403953552,0.0,0.5249999761581421	2.0,3.0,2.0	10.0,2.0,3.0	10.75	11.0,12.0,25.0	0.375	1234.0	4.0,5.0,6.0,4.0,5.0,6.0,4.0,5.0,6.0,4.0,5.0,6.0	9.0,9.0,9.0,9.0	7.0	8.0	0.0
fresh_high_-0.1_0_0	2.0,1.0,2.0	2.0,9.0,2.0	0.125,0.0,0.5	-0.1,2.0,40.0	0	0	1	0.13124999403953552,0.0,0.5249999761581421	2.1312499046325684,3.0,2.5250000953674316	0.009980005212128162,1.996000051498413,39.92000198364258	39.9224967956543	0.009980005212128162,1.996000051498413,39.92000198364258	0.375	1234.0	4.131249904632568,5.0,6.525000095367432,4.131249904632568,5.0,6.525000095367432,4.131249904632568,5.0,6.525000095367432,4.131249904632568,5.0,6.525000095367432	9.0,9.0,9.0,9.0	7.0	8.0	10.006250381469727
fresh_high_-0.1_1_0	2.0,1.0,2.0	2.0,9.0,2.0	0.125,0.0,0.5	-0.1,2.0,40.0	1	0	1	0.13124999403953552,0.0,0.5249999761581421	2.1312499046325684,3.0,2.5250000953674316	0.009980005212128162,1.996000051498413,39.92000198364258	39.9224967956543	0.009980005212128162,1.996000051498413,39.92000198364258	0.0	0.0	4.131249904632568,5.0,6.525000095367432,4.131249904632568,5.0,6.525000095367432,4.131249904632568,5.0,6.525000095367432,4.131249904632568,5.0,6.525000095367432	9.0,9.0,9.0,9.0	7.0	8.0	10.006250381469727
fresh_high_-0.1_1_1	2.0,1.0,2.0	2.0,9.0,2.0	0.125,0.0,0.5	-0.1,2.0,40.0	1	1	1	0.13124999403953552,0.0,0.5249999761581421	2.1312499046325684,3.0,2.5250000953674316	0.009980005212128162,1.996000051498413,39.92000198364258	39.9224967956543	-39.92000198364258,1.996000051498413,0.009980005212128162	0.0	0.0	4.131249904632568,5.0,6.525000095367432,4.131249904632568,5.0,6.525000095367432,4.131249904632568,5.0,6.525000095367432,4.131249904632568,5.0,6.525000095367432	0.0,0.0,0.0,0.0	0.0	0.0	10.006250381469727
