name	speed	material	phase	previous	current	seed	height	next_phase	next_previous	next_current	next_seed	gate	multiplier	next_product
below_period	0.0	3	0.1	0.2	0.4	123	0.20800000429153442	0.10000000149011612	0.20000000298023224	0.4000000059604645	123	1.0	65537	999
wrap_rough	30.0	3	0.49	0.2	0.4	123	0.3142000138759613	1.4275000095367432	0.20000000298023224	0.4000000059604645	123	1.0	65537	999
rough_reset	30.0	3	2.49	0.2	0.4	123	0.4000000059604645	0.0	0.4000000059604645	-0.03138021007180214	123	1.0	65537	8061051
wrap_smooth	30.0	1	0.49	0.2	0.4	123	0.4000000059604645	0.0	0.4000000059604645	0.0	123	1.0	65537	8061051
negative_reset	0.0	2	-0.1	0.2	0.4	123	0.11999999731779099	-0.10000000149011612	0.20000000298023224	0.4000000059604645	123	1.0	65537	999
material_2	0.0	2	0.1	0.2	0.4	123	0.2800000011920929	0.10000000149011612	0.20000000298023224	0.4000000059604645	123	1.0	65537	999
material_4	0.0	4	0.1	0.2	0.4	123	0.24000000953674316	0.10000000149011612	0.20000000298023224	0.4000000059604645	123	1.0	65537	999
material_0_rng	30.0	0	2.49	0.2	0.4	123	0.4000000059604645	0.0	0.4000000059604645	0.0	35645	1.0	16807	2067261
material_1_rng	30.0	1	2.49	0.2	0.4	123	0.4000000059604645	0.0	0.4000000059604645	0.0	35645	1.0	16807	2067261
material_2_rng	30.0	2	2.49	0.2	0.4	123	0.4000000059604645	0.0	0.4000000059604645	0.0013035584706813097	35645	1.0	16807	2067261
material_3_rng	30.0	3	2.49	0.2	0.4	123	0.4000000059604645	0.0	0.4000000059604645	0.004345194902271032	35645	1.0	16807	2067261
material_4_rng	30.0	4	2.49	0.2	0.4	123	0.4000000059604645	0.0	0.4000000059604645	0.0013035584706813097	35645	1.0	16807	2067261
material_5_rng	30.0	5	2.49	0.2	0.4	123	0.4000000059604645	0.0	0.4000000059604645	0.004345194902271032	35645	1.0	16807	2067261
material_6_rng	30.0	6	2.49	0.2	0.4	123	0.4000000059604645	0.0	0.4000000059604645	0.0	35645	1.0	16807	2067261
material_7_rng	30.0	7	2.49	0.2	0.4	123	0.4000000059604645	0.0	0.4000000059604645	0.0013035584706813097	35645	1.0	16807	2067261
material_8_rng	30.0	8	2.49	0.2	0.4	123	0.4000000059604645	0.0	0.4000000059604645	0.0	35645	1.0	16807	2067261
material_9_rng	30.0	9	2.49	0.2	0.4	123	0.4000000059604645	0.0	0.4000000059604645	0.004345194902271032	35645	1.0	16807	2067261
material_10_rng	30.0	10	2.49	0.2	0.4	123	0.4000000059604645	0.0	0.4000000059604645	0.0013035584706813097	35645	1.0	16807	2067261
material_11_rng	30.0	11	2.49	0.2	0.4	123	0.4000000059604645	0.0	0.4000000059604645	0.0	35645	1.0	16807	2067261
material_12_rng	30.0	12	2.49	0.2	0.4	123	0.4000000059604645	0.0	0.4000000059604645	0.0	35645	1.0	16807	2067261
material_13_rng	30.0	13	2.49	0.2	0.4	123	0.4000000059604645	0.0	0.4000000059604645	0.0	35645	1.0	16807	2067261
material_14_rng	30.0	14	2.49	0.2	0.4	123	0.4000000059604645	0.0	0.4000000059604645	0.0	35645	1.0	16807	2067261
material_15_rng	30.0	15	2.49	0.2	0.4	123	0.4000000059604645	0.0	0.4000000059604645	0.0	35645	1.0	16807	2067261
period_2.5	0.0	3	2.5	0.2	0.4	123	0.4000000059604645	2.5	0.20000000298023224	0.4000000059604645	123	1.0	16807	999
period_2.499999761581421	0.0	3	2.499999761581421	0.2	0.4	123	0.3999999761581421	2.499999761581421	0.20000000298023224	0.4000000059604645	123	1.0	16807	999
period_2.500000238418579	0.0	3	2.500000238418579	0.2	0.4	123	0.4000000059604645	0.0	0.4000000059604645	0.004345194902271032	35645	1.0	16807	2067261
gate_0.0	30.0	3	2.49	0.2	0.4	123	0.0	2.490000009536743	0.20000000298023224	0.4000000059604645	123	0.0	16807	999
gate_0.8600000143051147	30.0	3	2.49	0.2	0.4	123	0.4000000059604645	0.0	0.4000000059604645	0.004345194902271032	35645	0.8600000143051147	16807	2067261
gate_0.85999995470047	30.0	3	2.49	0.2	0.4	123	0.0	2.490000009536743	0.20000000298023224	0.4000000059604645	123	0.85999995470047	16807	999
