half_extent	packed	px	py	pz	contains
32.0	0	-32.0	999.0	-32.0	1
32.0	0	32.0	999.0	32.0	1
32.0	0	0.0	999.0	0.0	1
32.0	0	-32.63999938964844	999.0	0.0	0
32.0	0	32.63999938964844	999.0	0.0	0
32.0	0	0.0	999.0	-32.63999938964844	0
32.0	0	0.0	999.0	32.63999938964844	0
32.0	268451840	-32.0	999.0	0.0	1
32.0	268451840	0.0	999.0	32.0	1
32.0	268451840	-16.0	999.0	16.0	1
32.0	268451840	-32.31999969482422	999.0	16.0	0
32.0	268451840	0.3199999928474426	999.0	16.0	0
32.0	268451840	-16.0	999.0	-0.3199999928474426	0
32.0	268451840	-16.0	999.0	32.31999969482422	0
32.0	805339141	8.0	999.0	-16.0	1
32.0	805339141	16.0	999.0	-8.0	1
32.0	805339141	12.0	999.0	-12.0	1
32.0	805339141	7.920000076293945	999.0	-12.0	0
32.0	805339141	16.079999923706055	999.0	-12.0	0
32.0	805339141	12.0	999.0	-16.079999923706055	0
32.0	805339141	12.0	999.0	-7.920000076293945	0
32.0	4101358802	-29.58984375	999.0	-23.080078125	1
32.0	4101358802	-29.587890625	999.0	-23.078125	1
32.0	4101358802	-29.5888671875	999.0	-23.0791015625	1
32.0	4101358802	-29.589862823486328	999.0	-23.0791015625	0
32.0	4101358802	-29.587871551513672	999.0	-23.0791015625	0
32.0	4101358802	-29.5888671875	999.0	-23.080097198486328	0
32.0	4101358802	-29.5888671875	999.0	-23.078105926513672	0
0.10000000149011612	0	-0.10000000149011612	999.0	-0.10000000149011612	1
0.10000000149011612	0	0.10000000149011612	999.0	0.10000000149011612	1
0.10000000149011612	0	0.0	999.0	0.0	1
0.10000000149011612	0	-0.10199999809265137	999.0	0.0	0
0.10000000149011612	0	0.10199999809265137	999.0	0.0	0
0.10000000149011612	0	0.0	999.0	-0.10199999809265137	0
0.10000000149011612	0	0.0	999.0	0.10199999809265137	0
0.10000000149011612	268451840	-0.10000000149011612	999.0	0.0	1
0.10000000149011612	268451840	0.0	999.0	0.10000000149011612	1
0.10000000149011612	268451840	-0.05000000074505806	999.0	0.05000000074505806	1
0.10000000149011612	268451840	-0.10100000351667404	999.0	0.05000000074505806	0
0.10000000149011612	268451840	0.0010000000474974513	999.0	0.05000000074505806	0
0.10000000149011612	268451840	-0.05000000074505806	999.0	-0.0010000000474974513	0
0.10000000149011612	268451840	-0.05000000074505806	999.0	0.10100000351667404	0
0.10000000149011612	805339141	0.02500000037252903	999.0	-0.05000000074505806	1
0.10000000149011612	805339141	0.05000000074505806	999.0	-0.02500000037252903	1
0.10000000149011612	805339141	0.03750000149011612	999.0	-0.03750000149011612	1
0.10000000149011612	805339141	0.02474999986588955	999.0	-0.03750000149011612	0
0.10000000149011612	805339141	0.05025000125169754	999.0	-0.03750000149011612	0
0.10000000149011612	805339141	0.03750000149011612	999.0	-0.05025000125169754	0
0.10000000149011612	805339141	0.03750000149011612	999.0	-0.02474999986588955	0
0.10000000149011612	4101358802	-0.09246826171875	999.0	-0.07212524861097336	1
0.10000000149011612	4101358802	-0.09246215969324112	999.0	-0.07211913913488388	0
0.10000000149011612	4101358802	-0.09246521443128586	999.0	-0.07212219387292862	1
0.10000000149011612	4101358802	-0.09246832132339478	999.0	-0.07212219387292862	0
0.10000000149011612	4101358802	-0.09246210008859634	999.0	-0.07212219387292862	0
0.10000000149011612	4101358802	-0.09246521443128586	999.0	-0.07212530821561813	0
0.10000000149011612	4101358802	-0.09246521443128586	999.0	-0.0721190795302391	0
123.44999694824219	0	-123.44999694824219	999.0	-123.44999694824219	1
123.44999694824219	0	123.44999694824219	999.0	123.44999694824219	1
123.44999694824219	0	0.0	999.0	0.0	1
123.44999694824219	0	-125.91899871826172	999.0	0.0	0
123.44999694824219	0	125.91899871826172	999.0	0.0	0
123.44999694824219	0	0.0	999.0	-125.91899871826172	0
123.44999694824219	0	0.0	999.0	125.91899871826172	0
123.44999694824219	268451840	-123.44999694824219	999.0	0.0	1
123.44999694824219	268451840	0.0	999.0	123.44999694824219	1
123.44999694824219	268451840	-61.724998474121094	999.0	61.724998474121094	1
123.44999694824219	268451840	-124.68449401855469	999.0	61.724998474121094	0
123.44999694824219	268451840	1.2344999313354492	999.0	61.724998474121094	0
123.44999694824219	268451840	-61.724998474121094	999.0	-1.2344999313354492	0
123.44999694824219	268451840	-61.724998474121094	999.0	124.68449401855469	0
123.44999694824219	805339141	30.862499237060547	999.0	-61.724998474121094	1
123.44999694824219	805339141	61.724998474121094	999.0	-30.862499237060547	1
123.44999694824219	805339141	46.29374694824219	999.0	-46.29374694824219	1
123.44999694824219	805339141	30.553874969482422	999.0	-46.29374694824219	0
123.44999694824219	805339141	62.03362274169922	999.0	-46.29374694824219	0
123.44999694824219	805339141	46.29374694824219	999.0	-62.03362274169922	0
123.44999694824219	805339141	46.29374694824219	999.0	-30.553874969482422	0
123.44999694824219	4101358802	-114.15206909179688	999.0	-89.03861236572266	0
123.44999694824219	4101358802	-114.14453125	999.0	-89.03107452392578	0
123.44999694824219	4101358802	-114.14830017089844	999.0	-89.03484344482422	1
123.44999694824219	4101358802	-114.15214538574219	999.0	-89.03484344482422	0
123.44999694824219	4101358802	-114.14445495605469	999.0	-89.03484344482422	0
123.44999694824219	4101358802	-114.14830017089844	999.0	-89.03868865966797	0
123.44999694824219	4101358802	-114.14830017089844	999.0	-89.03099822998047	0
8192.0	0	-8192.0	999.0	-8192.0	1
8192.0	0	8192.0	999.0	8192.0	1
8192.0	0	0.0	999.0	0.0	1
8192.0	0	-8355.83984375	999.0	0.0	0
8192.0	0	8355.83984375	999.0	0.0	0
8192.0	0	0.0	999.0	-8355.83984375	0
8192.0	0	0.0	999.0	8355.83984375	0
8192.0	268451840	-8192.0	999.0	0.0	1
8192.0	268451840	0.0	999.0	8192.0	1
8192.0	268451840	-4096.0	999.0	4096.0	1
8192.0	268451840	-8273.919921875	999.0	4096.0	0
8192.0	268451840	81.91999816894531	999.0	4096.0	0
8192.0	268451840	-4096.0	999.0	-81.91999816894531	0
8192.0	268451840	-4096.0	999.0	8273.919921875	0
8192.0	805339141	2048.0	999.0	-4096.0	1
8192.0	805339141	4096.0	999.0	-2048.0	1
8192.0	805339141	3072.0	999.0	-3072.0	1
8192.0	805339141	2027.52001953125	999.0	-3072.0	0
8192.0	805339141	4116.47998046875	999.0	-3072.0	0
8192.0	805339141	3072.0	999.0	-4116.47998046875	0
8192.0	805339141	3072.0	999.0	-2027.52001953125	0
8192.0	4101358802	-7575.0	999.0	-5908.5	1
8192.0	4101358802	-7574.5	999.0	-5908.0	1
8192.0	4101358802	-7574.75	999.0	-5908.25	1
8192.0	4101358802	-7575.0048828125	999.0	-5908.25	0
8192.0	4101358802	-7574.4951171875	999.0	-5908.25	0
8192.0	4101358802	-7574.75	999.0	-5908.5048828125	0
8192.0	4101358802	-7574.75	999.0	-5907.9951171875	0
