half_extent	depth	widths
32.0	1	64.0,0.0,0.0,0.0,0.0,0.0,0.0,0.0,0.0,0.0,0.0,0.0,0.0,0.0,0.0,0.0
32.0	4	64.0,32.0,16.0,8.0,0.0,0.0,0.0,0.0,0.0,0.0,0.0,0.0,0.0,0.0,0.0,0.0
32.0	16	64.0,32.0,16.0,8.0,4.0,2.0,1.0,0.5,0.25,0.125,0.0625,0.03125,0.015625,0.0078125,0.00390625,0.001953125
0.10000000149011612	1	0.20000000298023224,0.0,0.0,0.0,0.0,0.0,0.0,0.0,0.0,0.0,0.0,0.0,0.0,0.0,0.0,0.0
0.10000000149011612	4	0.20000000298023224,0.10000000149011612,0.05000000074505806,0.02500000037252903,0.0,0.0,0.0,0.0,0.0,0.0,0.0,0.0,0.0,0.0,0.0,0.0
0.10000000149011612	16	0.20000000298023224,0.10000000149011612,0.05000000074505806,0.02500000037252903,0.012500000186264515,0.0062500000931322575,0.0031250000465661287,0.0015625000232830644,0.0007812500116415322,0.0003906250058207661,0.00019531250291038305,9.765625145519152e-05,4.882812572759576e-05,2.441406286379788e-05,1.220703143189894e-05,6.10351571594947e-06
123.44999694824219	1	246.89999389648438,0.0,0.0,0.0,0.0,0.0,0.0,0.0,0.0,0.0,0.0,0.0,0.0,0.0,0.0,0.0
123.44999694824219	4	246.89999389648438,123.44999694824219,61.724998474121094,30.862499237060547,0.0,0.0,0.0,0.0,0.0,0.0,0.0,0.0,0.0,0.0,0.0,0.0
123.44999694824219	16	246.89999389648438,123.44999694824219,61.724998474121094,30.862499237060547,15.431249618530273,7.715624809265137,3.8578124046325684,1.9289062023162842,0.9644531011581421,0.48222655057907104,0.24111327528953552,0.12055663764476776,0.06027831882238388,0.03013915941119194,0.01506957970559597,0.007534789852797985
8192.0	1	16384.0,0.0,0.0,0.0,0.0,0.0,0.0,0.0,0.0,0.0,0.0,0.0,0.0,0.0,0.0,0.0
8192.0	4	16384.0,8192.0,4096.0,2048.0,0.0,0.0,0.0,0.0,0.0,0.0,0.0,0.0,0.0,0.0,0.0,0.0
8192.0	16	16384.0,8192.0,4096.0,2048.0,1024.0,512.0,256.0,128.0,64.0,32.0,16.0,8.0,4.0,2.0,1.0,0.5
