nodes	px	py	pz	cached	leaf	cache_hit
0:-1,-1,-1,-1:1	-16.0	-999.0	16.0	-1	0	0
0:-1,-1,-1,-1:1	16.0	-999.0	16.0	-1	0	0
0:-1,-1,-1,-1:1	-16.0	-999.0	-16.0	-1	0	0
0:-1,-1,-1,-1:1	16.0	-999.0	-16.0	-1	0	0
0:-1,-1,-1,-1:1	0.0	-999.0	0.0	-1	0	0
0:-1,-1,-1,-1:1	-9.999999747378752e-06	-999.0	0.0	-1	0	0
0:-1,-1,-1,-1:1	0.0	-999.0	-9.999999747378752e-06	-1	0	0
0:-1,-1,-1,-1:1	-32.0	-999.0	-32.0	-1	0	0
0:-1,-1,-1,-1:1	32.0	-999.0	32.0	-1	0	0
0:-1,-1,-1,-1:1	90.0	-999.0	90.0	-1	0	0
0:-1,-1,-1,-1:1	-24.0	-999.0	-24.0	-1	0	0
0:-1,-1,-1,-1:1	-8.0	-999.0	-24.0	-1	0	0
0:-1,-1,-1,-1:1	-24.0	-999.0	-8.0	-1	0	0
0:-1,-1,-1,-1:1	-8.0	-999.0	-8.0	-1	0	0
0:-1,-1,-1,-1:1	-16.0	-999.0	-16.0	-1	0	0
0:-1,-1,-1,-1:1	10.0	-999.0	-10.0	-1	0	0
0:1,2,3,4:0;268451840:-1,-1,-1,-1:1;268451841:-1,-1,-1,-1:1;268435456:-1,-1,-1,-1:1;268435457:-1,-1,-1,-1:1	-16.0	-999.0	16.0	-1	1	0
0:1,2,3,4:0;268451840:-1,-1,-1,-1:1;268451841:-1,-1,-1,-1:1;268435456:-1,-1,-1,-1:1;268435457:-1,-1,-1,-1:1	16.0	-999.0	16.0	-1	2	0
0:1,2,3,4:0;268451840:-1,-1,-1,-1:1;268451841:-1,-1,-1,-1:1;268435456:-1,-1,-1,-1:1;268435457:-1,-1,-1,-1:1	-16.0	-999.0	-16.0	-1	3	0
0:1,2,3,4:0;268451840:-1,-1,-1,-1:1;268451841:-1,-1,-1,-1:1;268435456:-1,-1,-1,-1:1;268435457:-1,-1,-1,-1:1	16.0	-999.0	-16.0	-1	4	0
0:1,2,3,4:0;268451840:-1,-1,-1,-1:1;268451841:-1,-1,-1,-1:1;268435456:-1,-1,-1,-1:1;268435457:-1,-1,-1,-1:1	0.0	-999.0	0.0	-1	2	0
0:1,2,3,4:0;268451840:-1,-1,-1,-1:1;268451841:-1,-1,-1,-1:1;268435456:-1,-1,-1,-1:1;268435457:-1,-1,-1,-1:1	-9.999999747378752e-06	-999.0	0.0	-1	1	0
0:1,2,3,4:0;268451840:-1,-1,-1,-1:1;268451841:-1,-1,-1,-1:1;268435456:-1,-1,-1,-1:1;268435457:-1,-1,-1,-1:1	0.0	-999.0	-9.999999747378752e-06	-1	4	0
0:1,2,3,4:0;268451840:-1,-1,-1,-1:1;268451841:-1,-1,-1,-1:1;268435456:-1,-1,-1,-1:1;268435457:-1,-1,-1,-1:1	-32.0	-999.0	-32.0	-1	3	0
0:1,2,3,4:0;268451840:-1,-1,-1,-1:1;268451841:-1,-1,-1,-1:1;268435456:-1,-1,-1,-1:1;268435457:-1,-1,-1,-1:1	32.0	-999.0	32.0	-1	2	0
0:1,2,3,4:0;268451840:-1,-1,-1,-1:1;268451841:-1,-1,-1,-1:1;268435456:-1,-1,-1,-1:1;268435457:-1,-1,-1,-1:1	90.0	-999.0	90.0	-1	2	0
0:1,2,3,4:0;268451840:-1,-1,-1,-1:1;268451841:-1,-1,-1,-1:1;268435456:-1,-1,-1,-1:1;268435457:-1,-1,-1,-1:1	-24.0	-999.0	-24.0	-1	3	0
0:1,2,3,4:0;268451840:-1,-1,-1,-1:1;268451841:-1,-1,-1,-1:1;268435456:-1,-1,-1,-1:1;268435457:-1,-1,-1,-1:1	-8.0	-999.0	-24.0	-1	3	0
0:1,2,3,4:0;268451840:-1,-1,-1,-1:1;268451841:-1,-1,-1,-1:1;268435456:-1,-1,-1,-1:1;268435457:-1,-1,-1,-1:1	-24.0	-999.0	-8.0	-1	3	0
0:1,2,3,4:0;268451840:-1,-1,-1,-1:1;268451841:-1,-1,-1,-1:1;268435456:-1,-1,-1,-1:1;268435457:-1,-1,-1,-1:1	-8.0	-999.0	-8.0	-1	3	0
0:1,2,3,4:0;268451840:-1,-1,-1,-1:1;268451841:-1,-1,-1,-1:1;268435456:-1,-1,-1,-1:1;268435457:-1,-1,-1,-1:1	-16.0	-999.0	-16.0	-1	3	0
0:1,2,3,4:0;268451840:-1,-1,-1,-1:1;268451841:-1,-1,-1,-1:1;268435456:-1,-1,-1,-1:1;268435457:-1,-1,-1,-1:1	10.0	-999.0	-10.0	-1	4	0
0:1,2,3,-1:0;268451840:-1,-1,-1,-1:1;268451841:-1,-1,-1,-1:1;268435456:-1,-1,-1,-1:1;268435457:-1,-1,-1,-1:1	-16.0	-999.0	16.0	-1	1	0
0:1,2,3,-1:0;268451840:-1,-1,-1,-1:1;268451841:-1,-1,-1,-1:1;268435456:-1,-1,-1,-1:1;268435457:-1,-1,-1,-1:1	16.0	-999.0	16.0	-1	2	0
0:1,2,3,-1:0;268451840:-1,-1,-1,-1:1;268451841:-1,-1,-1,-1:1;268435456:-1,-1,-1,-1:1;268435457:-1,-1,-1,-1:1	-16.0	-999.0	-16.0	-1	3	0
0:1,2,3,-1:0;268451840:-1,-1,-1,-1:1;268451841:-1,-1,-1,-1:1;268435456:-1,-1,-1,-1:1;268435457:-1,-1,-1,-1:1	16.0	-999.0	-16.0	-1	0	0
0:1,2,3,-1:0;268451840:-1,-1,-1,-1:1;268451841:-1,-1,-1,-1:1;268435456:-1,-1,-1,-1:1;268435457:-1,-1,-1,-1:1	0.0	-999.0	0.0	-1	2	0
0:1,2,3,-1:0;268451840:-1,-1,-1,-1:1;268451841:-1,-1,-1,-1:1;268435456:-1,-1,-1,-1:1;268435457:-1,-1,-1,-1:1	-9.999999747378752e-06	-999.0	0.0	-1	1	0
0:1,2,3,-1:0;268451840:-1,-1,-1,-1:1;268451841:-1,-1,-1,-1:1;268435456:-1,-1,-1,-1:1;268435457:-1,-1,-1,-1:1	0.0	-999.0	-9.999999747378752e-06	-1	0	0
0:1,2,3,-1:0;268451840:-1,-1,-1,-1:1;268451841:-1,-1,-1,-1:1;268435456:-1,-1,-1,-1:1;268435457:-1,-1,-1,-1:1	-32.0	-999.0	-32.0	-1	3	0
0:1,2,3,-1:0;268451840:-1,-1,-1,-1:1;268451841:-1,-1,-1,-1:1;268435456:-1,-1,-1,-1:1;268435457:-1,-1,-1,-1:1	32.0	-999.0	32.0	-1	2	0
0:1,2,3,-1:0;268451840:-1,-1,-1,-1:1;268451841:-1,-1,-1,-1:1;268435456:-1,-1,-1,-1:1;268435457:-1,-1,-1,-1:1	90.0	-999.0	90.0	-1	2	0
0:1,2,3,-1:0;268451840:-1,-1,-1,-1:1;268451841:-1,-1,-1,-1:1;268435456:-1,-1,-1,-1:1;268435457:-1,-1,-1,-1:1	-24.0	-999.0	-24.0	-1	3	0
0:1,2,3,-1:0;268451840:-1,-1,-1,-1:1;268451841:-1,-1,-1,-1:1;268435456:-1,-1,-1,-1:1;268435457:-1,-1,-1,-1:1	-8.0	-999.0	-24.0	-1	3	0
0:1,2,3,-1:0;268451840:-1,-1,-1,-1:1;268451841:-1,-1,-1,-1:1;268435456:-1,-1,-1,-1:1;268435457:-1,-1,-1,-1:1	-24.0	-999.0	-8.0	-1	3	0
0:1,2,3,-1:0;268451840:-1,-1,-1,-1:1;268451841:-1,-1,-1,-1:1;268435456:-1,-1,-1,-1:1;268435457:-1,-1,-1,-1:1	-8.0	-999.0	-8.0	-1	3	0
0:1,2,3,-1:0;268451840:-1,-1,-1,-1:1;268451841:-1,-1,-1,-1:1;268435456:-1,-1,-1,-1:1;268435457:-1,-1,-1,-1:1	-16.0	-999.0	-16.0	-1	3	0
0:1,2,3,-1:0;268451840:-1,-1,-1,-1:1;268451841:-1,-1,-1,-1:1;268435456:-1,-1,-1,-1:1;268435457:-1,-1,-1,-1:1	10.0	-999.0	-10.0	-1	0	0
0:1,2,3,4:0;268451840:-1,-1,-1,-1:1;268451841:-1,-1,-1,-1:1;268435456:-1,-1,-1,-1:0;268435457:-1,-1,-1,-1:1	-16.0	-999.0	16.0	-1	1	0
0:1,2,3,4:0;268451840:-1,-1,-1,-1:1;268451841:-1,-1,-1,-1:1;268435456:-1,-1,-1,-1:0;268435457:-1,-1,-1,-1:1	16.0	-999.0	16.0	-1	2	0
0:1,2,3,4:0;268451840:-1,-1,-1,-1:1;268451841:-1,-1,-1,-1:1;268435456:-1,-1,-1,-1:0;268435457:-1,-1,-1,-1:1	-16.0	-999.0	-16.0	-1	0	0
0:1,2,3,4:0;268451840:-1,-1,-1,-1:1;268451841:-1,-1,-1,-1:1;268435456:-1,-1,-1,-1:0;268435457:-1,-1,-1,-1:1	16.0	-999.0	-16.0	-1	4	0
0:1,2,3,4:0;268451840:-1,-1,-1,-1:1;268451841:-1,-1,-1,-1:1;268435456:-1,-1,-1,-1:0;268435457:-1,-1,-1,-1:1	0.0	-999.0	0.0	-1	2	0
0:1,2,3,4:0;268451840:-1,-1,-1,-1:1;268451841:-1,-1,-1,-1:1;268435456:-1,-1,-1,-1:0;268435457:-1,-1,-1,-1:1	-9.999999747378752e-06	-999.0	0.0	-1	1	0
0:1,2,3,4:0;268451840:-1,-1,-1,-1:1;268451841:-1,-1,-1,-1:1;268435456:-1,-1,-1,-1:0;268435457:-1,-1,-1,-1:1	0.0	-999.0	-9.999999747378752e-06	-1	4	0
0:1,2,3,4:0;268451840:-1,-1,-1,-1:1;268451841:-1,-1,-1,-1:1;268435456:-1,-1,-1,-1:0;268435457:-1,-1,-1,-1:1	-32.0	-999.0	-32.0	-1	0	0
0:1,2,3,4:0;268451840:-1,-1,-1,-1:1;268451841:-1,-1,-1,-1:1;268435456:-1,-1,-1,-1:0;268435457:-1,-1,-1,-1:1	32.0	-999.0	32.0	-1	2	0
0:1,2,3,4:0;268451840:-1,-1,-1,-1:1;268451841:-1,-1,-1,-1:1;268435456:-1,-1,-1,-1:0;268435457:-1,-1,-1,-1:1	90.0	-999.0	90.0	-1	2	0
0:1,2,3,4:0;268451840:-1,-1,-1,-1:1;268451841:-1,-1,-1,-1:1;268435456:-1,-1,-1,-1:0;268435457:-1,-1,-1,-1:1	-24.0	-999.0	-24.0	-1	0	0
0:1,2,3,4:0;268451840:-1,-1,-1,-1:1;268451841:-1,-1,-1,-1:1;268435456:-1,-1,-1,-1:0;268435457:-1,-1,-1,-1:1	-8.0	-999.0	-24.0	-1	0	0
0:1,2,3,4:0;268451840:-1,-1,-1,-1:1;268451841:-1,-1,-1,-1:1;268435456:-1,-1,-1,-1:0;268435457:-1,-1,-1,-1:1	-24.0	-999.0	-8.0	-1	0	0
0:1,2,3,4:0;268451840:-1,-1,-1,-1:1;268451841:-1,-1,-1,-1:1;268435456:-1,-1,-1,-1:0;268435457:-1,-1,-1,-1:1	-8.0	-999.0	-8.0	-1	0	0
0:1,2,3,4:0;268451840:-1,-1,-1,-1:1;268451841:-1,-1,-1,-1:1;268435456:-1,-1,-1,-1:0;268435457:-1,-1,-1,-1:1	-16.0	-999.0	-16.0	-1	0	0
0:1,2,3,4:0;268451840:-1,-1,-1,-1:1;268451841:-1,-1,-1,-1:1;268435456:-1,-1,-1,-1:0;268435457:-1,-1,-1,-1:1	10.0	-999.0	-10.0	-1	4	0
0:1,2,3,4:1;268451840:-1,-1,-1,-1:1;268451841:-1,-1,-1,-1:1;268435456:-1,-1,-1,-1:1;268435457:-1,-1,-1,-1:1	-16.0	-999.0	16.0	-1	0	0
0:1,2,3,4:1;268451840:-1,-1,-1,-1:1;268451841:-1,-1,-1,-1:1;268435456:-1,-1,-1,-1:1;268435457:-1,-1,-1,-1:1	16.0	-999.0	16.0	-1	0	0
0:1,2,3,4:1;268451840:-1,-1,-1,-1:1;268451841:-1,-1,-1,-1:1;268435456:-1,-1,-1,-1:1;268435457:-1,-1,-1,-1:1	-16.0	-999.0	-16.0	-1	0	0
0:1,2,3,4:1;268451840:-1,-1,-1,-1:1;268451841:-1,-1,-1,-1:1;268435456:-1,-1,-1,-1:1;268435457:-1,-1,-1,-1:1	16.0	-999.0	-16.0	-1	0	0
0:1,2,3,4:1;268451840:-1,-1,-1,-1:1;268451841:-1,-1,-1,-1:1;268435456:-1,-1,-1,-1:1;268435457:-1,-1,-1,-1:1	0.0	-999.0	0.0	-1	0	0
0:1,2,3,4:1;268451840:-1,-1,-1,-1:1;268451841:-1,-1,-1,-1:1;268435456:-1,-1,-1,-1:1;268435457:-1,-1,-1,-1:1	-9.999999747378752e-06	-999.0	0.0	-1	0	0
0:1,2,3,4:1;268451840:-1,-1,-1,-1:1;268451841:-1,-1,-1,-1:1;268435456:-1,-1,-1,-1:1;268435457:-1,-1,-1,-1:1	0.0	-999.0	-9.999999747378752e-06	-1	0	0
0:1,2,3,4:1;268451840:-1,-1,-1,-1:1;268451841:-1,-1,-1,-1:1;268435456:-1,-1,-1,-1:1;268435457:-1,-1,-1,-1:1	-32.0	-999.0	-32.0	-1	0	0
0:1,2,3,4:1;268451840:-1,-1,-1,-1:1;268451841:-1,-1,-1,-1:1;268435456:-1,-1,-1,-1:1;268435457:-1,-1,-1,-1:1	32.0	-999.0	32.0	-1	0	0
0:1,2,3,4:1;268451840:-1,-1,-1,-1:1;268451841:-1,-1,-1,-1:1;268435456:-1,-1,-1,-1:1;268435457:-1,-1,-1,-1:1	90.0	-999.0	90.0	-1	0	0
0:1,2,3,4:1;268451840:-1,-1,-1,-1:1;268451841:-1,-1,-1,-1:1;268435456:-1,-1,-1,-1:1;268435457:-1,-1,-1,-1:1	-24.0	-999.0	-24.0	-1	0	0
0:1,2,3,4:1;268451840:-1,-1,-1,-1:1;268451841:-1,-1,-1,-1:1;268435456:-1,-1,-1,-1:1;268435457:-1,-1,-1,-1:1	-8.0	-999.0	-24.0	-1	0	0
0:1,2,3,4:1;268451840:-1,-1,-1,-1:1;268451841:-1,-1,-1,-1:1;268435456:-1,-1,-1,-1:1;268435457:-1,-1,-1,-1:1	-24.0	-999.0	-8.0	-1	0	0
0:1,2,3,4:1;268451840:-1,-1,-1,-1:1;268451841:-1,-1,-1,-1:1;268435456:-1,-1,-1,-1:1;268435457:-1,-1,-1,-1:1	-8.0	-999.0	-8.0	-1	0	0
0:1,2,3,4:1;268451840:-1,-1,-1,-1:1;268451841:-1,-1,-1,-1:1;268435456:-1,-1,-1,-1:1;268435457:-1,-1,-1,-1:1	-16.0	-999.0	-16.0	-1	0	0
0:1,2,3,4:1;268451840:-1,-1,-1,-1:1;268451841:-1,-1,-1,-1:1;268435456:-1,-1,-1,-1:1;268435457:-1,-1,-1,-1:1	10.0	-999.0	-10.0	-1	0	0
0:1,2,3,4:0;268451840:-1,-1,-1,-1:1;268451841:-1,-1,-1,-1:1;268435456:5,6,7,8:0;268435457:-1,-1,-1,-1:1;536887296:-1,-1,-1,-1:1;536887297:-1,-1,-1,-1:1;536870912:-1,-1,-1,-1:1;536870913:-1,-1,-1,-1:1	-16.0	-999.0	16.0	-1	1	0
0:1,2,3,4:0;268451840:-1,-1,-1,-1:1;268451841:-1,-1,-1,-1:1;268435456:5,6,7,8:0;268435457:-1,-1,-1,-1:1;536887296:-1,-1,-1,-1:1;536887297:-1,-1,-1,-1:1;536870912:-1,-1,-1,-1:1;536870913:-1,-1,-1,-1:1	16.0	-999.0	16.0	-1	2	0
0:1,2,3,4:0;268451840:-1,-1,-1,-1:1;268451841:-1,-1,-1,-1:1;268435456:5,6,7,8:0;268435457:-1,-1,-1,-1:1;536887296:-1,-1,-1,-1:1;536887297:-1,-1,-1,-1:1;536870912:-1,-1,-1,-1:1;536870913:-1,-1,-1,-1:1	-16.0	-999.0	-16.0	-1	6	0
0:1,2,3,4:0;268451840:-1,-1,-1,-1:1;268451841:-1,-1,-1,-1:1;268435456:5,6,7,8:0;268435457:-1,-1,-1,-1:1;536887296:-1,-1,-1,-1:1;536887297:-1,-1,-1,-1:1;536870912:-1,-1,-1,-1:1;536870913:-1,-1,-1,-1:1	16.0	-999.0	-16.0	-1	4	0
0:1,2,3,4:0;268451840:-1,-1,-1,-1:1;268451841:-1,-1,-1,-1:1;268435456:5,6,7,8:0;268435457:-1,-1,-1,-1:1;536887296:-1,-1,-1,-1:1;536887297:-1,-1,-1,-1:1;536870912:-1,-1,-1,-1:1;536870913:-1,-1,-1,-1:1	0.0	-999.0	0.0	-1	2	0
0:1,2,3,4:0;268451840:-1,-1,-1,-1:1;268451841:-1,-1,-1,-1:1;268435456:5,6,7,8:0;268435457:-1,-1,-1,-1:1;536887296:-1,-1,-1,-1:1;536887297:-1,-1,-1,-1:1;536870912:-1,-1,-1,-1:1;536870913:-1,-1,-1,-1:1	-9.999999747378752e-06	-999.0	0.0	-1	1	0
0:1,2,3,4:0;268451840:-1,-1,-1,-1:1;268451841:-1,-1,-1,-1:1;268435456:5,6,7,8:0;268435457:-1,-1,-1,-1:1;536887296:-1,-1,-1,-1:1;536887297:-1,-1,-1,-1:1;536870912:-1,-1,-1,-1:1;536870913:-1,-1,-1,-1:1	0.0	-999.0	-9.999999747378752e-06	-1	4	0
0:1,2,3,4:0;268451840:-1,-1,-1,-1:1;268451841:-1,-1,-1,-1:1;268435456:5,6,7,8:0;268435457:-1,-1,-1,-1:1;536887296:-1,-1,-1,-1:1;536887297:-1,-1,-1,-1:1;536870912:-1,-1,-1,-1:1;536870913:-1,-1,-1,-1:1	-32.0	-999.0	-32.0	-1	7	0
0:1,2,3,4:0;268451840:-1,-1,-1,-1:1;268451841:-1,-1,-1,-1:1;268435456:5,6,7,8:0;268435457:-1,-1,-1,-1:1;536887296:-1,-1,-1,-1:1;536887297:-1,-1,-1,-1:1;536870912:-1,-1,-1,-1:1;536870913:-1,-1,-1,-1:1	32.0	-999.0	32.0	-1	2	0
0:1,2,3,4:0;268451840:-1,-1,-1,-1:1;268451841:-1,-1,-1,-1:1;268435456:5,6,7,8:0;268435457:-1,-1,-1,-1:1;536887296:-1,-1,-1,-1:1;536887297:-1,-1,-1,-1:1;536870912:-1,-1,-1,-1:1;536870913:-1,-1,-1,-1:1	90.0	-999.0	90.0	-1	2	0
0:1,2,3,4:0;268451840:-1,-1,-1,-1:1;268451841:-1,-1,-1,-1:1;268435456:5,6,7,8:0;268435457:-1,-1,-1,-1:1;536887296:-1,-1,-1,-1:1;536887297:-1,-1,-1,-1:1;536870912:-1,-1,-1,-1:1;536870913:-1,-1,-1,-1:1	-24.0	-999.0	-24.0	-1	7	0
0:1,2,3,4:0;268451840:-1,-1,-1,-1:1;268451841:-1,-1,-1,-1:1;268435456:5,6,7,8:0;268435457:-1,-1,-1,-1:1;536887296:-1,-1,-1,-1:1;536887297:-1,-1,-1,-1:1;536870912:-1,-1,-1,-1:1;536870913:-1,-1,-1,-1:1	-8.0	-999.0	-24.0	-1	8	0
0:1,2,3,4:0;268451840:-1,-1,-1,-1:1;268451841:-1,-1,-1,-1:1;268435456:5,6,7,8:0;268435457:-1,-1,-1,-1:1;536887296:-1,-1,-1,-1:1;536887297:-1,-1,-1,-1:1;536870912:-1,-1,-1,-1:1;536870913:-1,-1,-1,-1:1	-24.0	-999.0	-8.0	-1	5	0
0:1,2,3,4:0;268451840:-1,-1,-1,-1:1;268451841:-1,-1,-1,-1:1;268435456:5,6,7,8:0;268435457:-1,-1,-1,-1:1;536887296:-1,-1,-1,-1:1;536887297:-1,-1,-1,-1:1;536870912:-1,-1,-1,-1:1;536870913:-1,-1,-1,-1:1	-8.0	-999.0	-8.0	-1	6	0
0:1,2,3,4:0;268451840:-1,-1,-1,-1:1;268451841:-1,-1,-1,-1:1;268435456:5,6,7,8:0;268435457:-1,-1,-1,-1:1;536887296:-1,-1,-1,-1:1;536887297:-1,-1,-1,-1:1;536870912:-1,-1,-1,-1:1;536870913:-1,-1,-1,-1:1	-16.0	-999.0	-16.0	-1	6	0
0:1,2,3,4:0;268451840:-1,-1,-1,-1:1;268451841:-1,-1,-1,-1:1;268435456:5,6,7,8:0;268435457:-1,-1,-1,-1:1;536887296:-1,-1,-1,-1:1;536887297:-1,-1,-1,-1:1;536870912:-1,-1,-1,-1:1;536870913:-1,-1,-1,-1:1	10.0	-999.0	-10.0	-1	4	0
805339141:1,2,3,4:0;268451840:-1,-1,-1,-1:1;268451841:-1,-1,-1,-1:1;268435456:-1,-1,-1,-1:1;268435457:-1,-1,-1,-1:1	-16.0	-999.0	16.0	-1	1	0
805339141:1,2,3,4:0;268451840:-1,-1,-1,-1:1;268451841:-1,-1,-1,-1:1;268435456:-1,-1,-1,-1:1;268435457:-1,-1,-1,-1:1	16.0	-999.0	16.0	-1	2	0
805339141:1,2,3,4:0;268451840:-1,-1,-1,-1:1;268451841:-1,-1,-1,-1:1;268435456:-1,-1,-1,-1:1;268435457:-1,-1,-1,-1:1	-16.0	-999.0	-16.0	-1	3	0
805339141:1,2,3,4:0;268451840:-1,-1,-1,-1:1;268451841:-1,-1,-1,-1:1;268435456:-1,-1,-1,-1:1;268435457:-1,-1,-1,-1:1	16.0	-999.0	-16.0	-1	4	0
805339141:1,2,3,4:0;268451840:-1,-1,-1,-1:1;268451841:-1,-1,-1,-1:1;268435456:-1,-1,-1,-1:1;268435457:-1,-1,-1,-1:1	0.0	-999.0	0.0	-1	1	0
805339141:1,2,3,4:0;268451840:-1,-1,-1,-1:1;268451841:-1,-1,-1,-1:1;268435456:-1,-1,-1,-1:1;268435457:-1,-1,-1,-1:1	-9.999999747378752e-06	-999.0	0.0	-1	1	0
805339141:1,2,3,4:0;268451840:-1,-1,-1,-1:1;268451841:-1,-1,-1,-1:1;268435456:-1,-1,-1,-1:1;268435457:-1,-1,-1,-1:1	0.0	-999.0	-9.999999747378752e-06	-1	1	0
805339141:1,2,3,4:0;268451840:-1,-1,-1,-1:1;268451841:-1,-1,-1,-1:1;268435456:-1,-1,-1,-1:1;268435457:-1,-1,-1,-1:1	-32.0	-999.0	-32.0	-1	3	0
805339141:1,2,3,4:0;268451840:-1,-1,-1,-1:1;268451841:-1,-1,-1,-1:1;268435456:-1,-1,-1,-1:1;268435457:-1,-1,-1,-1:1	32.0	-999.0	32.0	-1	2	0
805339141:1,2,3,4:0;268451840:-1,-1,-1,-1:1;268451841:-1,-1,-1,-1:1;268435456:-1,-1,-1,-1:1;268435457:-1,-1,-1,-1:1	90.0	-999.0	90.0	-1	2	0
805339141:1,2,3,4:0;268451840:-1,-1,-1,-1:1;268451841:-1,-1,-1,-1:1;268435456:-1,-1,-1,-1:1;268435457:-1,-1,-1,-1:1	-24.0	-999.0	-24.0	-1	3	0
805339141:1,2,3,4:0;268451840:-1,-1,-1,-1:1;268451841:-1,-1,-1,-1:1;268435456:-1,-1,-1,-1:1;268435457:-1,-1,-1,-1:1	-8.0	-999.0	-24.0	-1	3	0
805339141:1,2,3,4:0;268451840:-1,-1,-1,-1:1;268451841:-1,-1,-1,-1:1;268435456:-1,-1,-1,-1:1;268435457:-1,-1,-1,-1:1	-24.0	-999.0	-8.0	-1	1	0
805339141:1,2,3,4:0;268451840:-1,-1,-1,-1:1;268451841:-1,-1,-1,-1:1;268435456:-1,-1,-1,-1:1;268435457:-1,-1,-1,-1:1	-8.0	-999.0	-8.0	-1	1	0
805339141:1,2,3,4:0;268451840:-1,-1,-1,-1:1;268451841:-1,-1,-1,-1:1;268435456:-1,-1,-1,-1:1;268435457:-1,-1,-1,-1:1	-16.0	-999.0	-16.0	-1	3	0
805339141:1,2,3,4:0;268451840:-1,-1,-1,-1:1;268451841:-1,-1,-1,-1:1;268435456:-1,-1,-1,-1:1;268435457:-1,-1,-1,-1:1	10.0	-999.0	-10.0	-1	1	0
