count	vertices	width	extent	x	z	result
3	-3.0,2.0,-5.0,7.0,3.0,-2.0,1.0,-4.0,8.0	1.0	0.0	0	0	1
3	-3.0,2.0,-5.0,7.0,3.0,-2.0,1.0,-4.0,8.0	1.0	0.0	1	1	1
3	-3.0,2.0,-5.0,7.0,3.0,-2.0,1.0,-4.0,8.0	8.0	0.0	0	0	1
3	-3.0,2.0,-5.0,7.0,3.0,-2.0,1.0,-4.0,8.0	8.0	0.0	2	2	0
3	-3.0,2.0,-5.0,7.0,3.0,-2.0,1.0,-4.0,8.0	1.0	0.0	10	10	0
3	-3.0,2.0,-5.0,7.0,3.0,-2.0,1.0,-4.0,8.0	32.0	0.0	0	0	1
3	-3.0,2.0,-5.0,7.0,3.0,-2.0,1.0,-4.0,8.0	0.3	0.125	1	1	1
3	-3.0,2.0,-5.0,7.0,3.0,-2.0,1.0,-4.0,8.0	5.25	2.25	3	0	0
4	-3.0,2.0,-5.0,7.0,3.0,-2.0,8.0,-4.0,8.0,-2.0,9.0,5.0	1.0	0.0	0	0	1
4	-3.0,2.0,-5.0,7.0,3.0,-2.0,8.0,-4.0,8.0,-2.0,9.0,5.0	1.0	0.0	1	1	1
4	-3.0,2.0,-5.0,7.0,3.0,-2.0,8.0,-4.0,8.0,-2.0,9.0,5.0	8.0	0.0	0	0	1
4	-3.0,2.0,-5.0,7.0,3.0,-2.0,8.0,-4.0,8.0,-2.0,9.0,5.0	8.0	0.0	2	2	0
4	-3.0,2.0,-5.0,7.0,3.0,-2.0,8.0,-4.0,8.0,-2.0,9.0,5.0	1.0	0.0	10	10	0
4	-3.0,2.0,-5.0,7.0,3.0,-2.0,8.0,-4.0,8.0,-2.0,9.0,5.0	32.0	0.0	0	0	1
4	-3.0,2.0,-5.0,7.0,3.0,-2.0,8.0,-4.0,8.0,-2.0,9.0,5.0	0.3	0.125	1	1	1
4	-3.0,2.0,-5.0,7.0,3.0,-2.0,8.0,-4.0,8.0,-2.0,9.0,5.0	5.25	2.25	3	0	0
3	0.0,0.0,0.0,1.0,0.0,0.0,0.0,0.0,1.0	1.0	0.0	0	0	1
3	0.0,0.0,0.0,1.0,0.0,0.0,0.0,0.0,1.0	1.0	0.0	1	1	1
3	0.0,0.0,0.0,1.0,0.0,0.0,0.0,0.0,1.0	8.0	0.0	0	0	1
3	0.0,0.0,0.0,1.0,0.0,0.0,0.0,0.0,1.0	8.0	0.0	2	2	0
3	0.0,0.0,0.0,1.0,0.0,0.0,0.0,0.0,1.0	1.0	0.0	10	10	0
3	0.0,0.0,0.0,1.0,0.0,0.0,0.0,0.0,1.0	32.0	0.0	0	0	1
3	0.0,0.0,0.0,1.0,0.0,0.0,0.0,0.0,1.0	0.3	0.125	1	1	1
3	0.0,0.0,0.0,1.0,0.0,0.0,0.0,0.0,1.0	5.25	2.25	3	0	0
4	-1.0,0.0,-1.0,1.0,0.0,-1.0,1.0,0.0,1.0,-1.0,0.0,1.0	1.0	0.0	0	0	1
4	-1.0,0.0,-1.0,1.0,0.0,-1.0,1.0,0.0,1.0,-1.0,0.0,1.0	1.0	0.0	1	1	1
4	-1.0,0.0,-1.0,1.0,0.0,-1.0,1.0,0.0,1.0,-1.0,0.0,1.0	8.0	0.0	0	0	1
4	-1.0,0.0,-1.0,1.0,0.0,-1.0,1.0,0.0,1.0,-1.0,0.0,1.0	8.0	0.0	2	2	0
4	-1.0,0.0,-1.0,1.0,0.0,-1.0,1.0,0.0,1.0,-1.0,0.0,1.0	1.0	0.0	10	10	0
4	-1.0,0.0,-1.0,1.0,0.0,-1.0,1.0,0.0,1.0,-1.0,0.0,1.0	32.0	0.0	0	0	1
4	-1.0,0.0,-1.0,1.0,0.0,-1.0,1.0,0.0,1.0,-1.0,0.0,1.0	0.3	0.125	1	1	1
4	-1.0,0.0,-1.0,1.0,0.0,-1.0,1.0,0.0,1.0,-1.0,0.0,1.0	5.25	2.25	3	0	0
3	1.0,0.0,1.0,1.0,2.0,1.0,1.0,-3.0,1.0	1.0	0.0	0	0	1
3	1.0,0.0,1.0,1.0,2.0,1.0,1.0,-3.0,1.0	1.0	0.0	1	1	1
3	1.0,0.0,1.0,1.0,2.0,1.0,1.0,-3.0,1.0	8.0	0.0	0	0	1
3	1.0,0.0,1.0,1.0,2.0,1.0,1.0,-3.0,1.0	8.0	0.0	2	2	0
3	1.0,0.0,1.0,1.0,2.0,1.0,1.0,-3.0,1.0	1.0	0.0	10	10	0
3	1.0,0.0,1.0,1.0,2.0,1.0,1.0,-3.0,1.0	32.0	0.0	0	0	1
3	1.0,0.0,1.0,1.0,2.0,1.0,1.0,-3.0,1.0	0.3	0.125	1	1	0
3	1.0,0.0,1.0,1.0,2.0,1.0,1.0,-3.0,1.0	5.25	2.25	3	0	0
4	1.0,0.0,1.0,2.0,2.0,1.0,1.0,-3.0,2.0,2.0,4.0,2.0	1.0	0.0	0	0	0
4	1.0,0.0,1.0,2.0,2.0,1.0,1.0,-3.0,2.0,2.0,4.0,2.0	1.0	0.0	1	1	1
4	1.0,0.0,1.0,2.0,2.0,1.0,1.0,-3.0,2.0,2.0,4.0,2.0	8.0	0.0	0	0	1
4	1.0,0.0,1.0,2.0,2.0,1.0,1.0,-3.0,2.0,2.0,4.0,2.0	8.0	0.0	2	2	0
4	1.0,0.0,1.0,2.0,2.0,1.0,1.0,-3.0,2.0,2.0,4.0,2.0	1.0	0.0	10	10	0
4	1.0,0.0,1.0,2.0,2.0,1.0,1.0,-3.0,2.0,2.0,4.0,2.0	32.0	0.0	0	0	1
4	1.0,0.0,1.0,2.0,2.0,1.0,1.0,-3.0,2.0,2.0,4.0,2.0	0.3	0.125	1	1	0
4	1.0,0.0,1.0,2.0,2.0,1.0,1.0,-3.0,2.0,2.0,4.0,2.0	5.25	2.25	3	0	0
3	-4.25,3.25,1.75,0.25,5.0,-5.0,3.75,-4.0,-0.5	1.0	0.0	0	0	1
3	-4.25,3.25,1.75,0.25,5.0,-5.0,3.75,-4.0,-0.5	1.0	0.0	1	1	1
3	-4.25,3.25,1.75,0.25,5.0,-5.0,3.75,-4.0,-0.5	8.0	0.0	0	0	1
3	-4.25,3.25,1.75,0.25,5.0,-5.0,3.75,-4.0,-0.5	8.0	0.0	2	2	0
3	-4.25,3.25,1.75,0.25,5.0,-5.0,3.75,-4.0,-0.5	1.0	0.0	10	10	0
3	-4.25,3.25,1.75,0.25,5.0,-5.0,3.75,-4.0,-0.5	32.0	0.0	0	0	1
3	-4.25,3.25,1.75,0.25,5.0,-5.0,3.75,-4.0,-0.5	0.3	0.125	1	1	1
3	-4.25,3.25,1.75,0.25,5.0,-5.0,3.75,-4.0,-0.5	5.25	2.25	3	0	0
3	-3.75,-5.0,3.0,4.25,-4.0,4.5,-4.75,-2.5,2.75	1.0	0.0	0	0	0
3	-3.75,-5.0,3.0,4.25,-4.0,4.5,-4.75,-2.5,2.75	1.0	0.0	1	1	0
3	-3.75,-5.0,3.0,4.25,-4.0,4.5,-4.75,-2.5,2.75	8.0	0.0	0	0	1
3	-3.75,-5.0,3.0,4.25,-4.0,4.5,-4.75,-2.5,2.75	8.0	0.0	2	2	0
3	-3.75,-5.0,3.0,4.25,-4.0,4.5,-4.75,-2.5,2.75	1.0	0.0	10	10	0
3	-3.75,-5.0,3.0,4.25,-4.0,4.5,-4.75,-2.5,2.75	32.0	0.0	0	0	1
3	-3.75,-5.0,3.0,4.25,-4.0,4.5,-4.75,-2.5,2.75	0.3	0.125	1	1	0
3	-3.75,-5.0,3.0,4.25,-4.0,4.5,-4.75,-2.5,2.75	5.25	2.25	3	0	0
3	-4.0,-2.5,-4.0,1.0,-1.5,-3.5,-1.5,4.25,-2.25	1.0	0.0	0	0	0
3	-4.0,-2.5,-4.0,1.0,-1.5,-3.5,-1.5,4.25,-2.25	1.0	0.0	1	1	0
3	-4.0,-2.5,-4.0,1.0,-1.5,-3.5,-1.5,4.25,-2.25	8.0	0.0	0	0	0
3	-4.0,-2.5,-4.0,1.0,-1.5,-3.5,-1.5,4.25,-2.25	8.0	0.0	2	2	0
3	-4.0,-2.5,-4.0,1.0,-1.5,-3.5,-1.5,4.25,-2.25	1.0	0.0	10	10	0
3	-4.0,-2.5,-4.0,1.0,-1.5,-3.5,-1.5,4.25,-2.25	32.0	0.0	0	0	0
3	-4.0,-2.5,-4.0,1.0,-1.5,-3.5,-1.5,4.25,-2.25	0.3	0.125	1	1	0
3	-4.0,-2.5,-4.0,1.0,-1.5,-3.5,-1.5,4.25,-2.25	5.25	2.25	3	0	0
3	3.5,-0.5,2.5,2.25,3.0,1.0,3.75,1.25,1.75	1.0	0.0	0	0	0
3	3.5,-0.5,2.5,2.25,3.0,1.0,3.75,1.25,1.75	1.0	0.0	1	1	0
3	3.5,-0.5,2.5,2.25,3.0,1.0,3.75,1.25,1.75	8.0	0.0	0	0	1
3	3.5,-0.5,2.5,2.25,3.0,1.0,3.75,1.25,1.75	8.0	0.0	2	2	0
3	3.5,-0.5,2.5,2.25,3.0,1.0,3.75,1.25,1.75	1.0	0.0	10	10	0
3	3.5,-0.5,2.5,2.25,3.0,1.0,3.75,1.25,1.75	32.0	0.0	0	0	1
3	3.5,-0.5,2.5,2.25,3.0,1.0,3.75,1.25,1.75	0.3	0.125	1	1	0
3	3.5,-0.5,2.5,2.25,3.0,1.0,3.75,1.25,1.75	5.25	2.25	3	0	0
3	4.5,5.0,-1.0,1.25,-4.75,3.25,-0.25,-4.5,-4.5	1.0	0.0	0	0	1
3	4.5,5.0,-1.0,1.25,-4.75,3.25,-0.25,-4.5,-4.5	1.0	0.0	1	1	1
3	4.5,5.0,-1.0,1.25,-4.75,3.25,-0.25,-4.5,-4.5	8.0	0.0	0	0	1
3	4.5,5.0,-1.0,1.25,-4.75,3.25,-0.25,-4.5,-4.5	8.0	0.0	2	2	0
3	4.5,5.0,-1.0,1.25,-4.75,3.25,-0.25,-4.5,-4.5	1.0	0.0	10	10	0
3	4.5,5.0,-1.0,1.25,-4.75,3.25,-0.25,-4.5,-4.5	32.0	0.0	0	0	1
3	4.5,5.0,-1.0,1.25,-4.75,3.25,-0.25,-4.5,-4.5	0.3	0.125	1	1	1
3	4.5,5.0,-1.0,1.25,-4.75,3.25,-0.25,-4.5,-4.5	5.25	2.25	3	0	0
3	0.25,2.0,-3.25,-3.0,-4.5,-1.5,5.0,2.25,1.5	1.0	0.0	0	0	1
3	0.25,2.0,-3.25,-3.0,-4.5,-1.5,5.0,2.25,1.5	1.0	0.0	1	1	1
3	0.25,2.0,-3.25,-3.0,-4.5,-1.5,5.0,2.25,1.5	8.0	0.0	0	0	1
3	0.25,2.0,-3.25,-3.0,-4.5,-1.5,5.0,2.25,1.5	8.0	0.0	2	2	0
3	0.25,2.0,-3.25,-3.0,-4.5,-1.5,5.0,2.25,1.5	1.0	0.0	10	10	0
3	0.25,2.0,-3.25,-3.0,-4.5,-1.5,5.0,2.25,1.5	32.0	0.0	0	0	1
3	0.25,2.0,-3.25,-3.0,-4.5,-1.5,5.0,2.25,1.5	0.3	0.125	1	1	1
3	0.25,2.0,-3.25,-3.0,-4.5,-1.5,5.0,2.25,1.5	5.25	2.25	3	0	0
3	-1.5,1.75,-5.0,2.5,0.0,-2.75,-4.75,0.75,2.0	1.0	0.0	0	0	1
3	-1.5,1.75,-5.0,2.5,0.0,-2.75,-4.75,0.75,2.0	1.0	0.0	1	1	1
3	-1.5,1.75,-5.0,2.5,0.0,-2.75,-4.75,0.75,2.0	8.0	0.0	0	0	1
3	-1.5,1.75,-5.0,2.5,0.0,-2.75,-4.75,0.75,2.0	8.0	0.0	2	2	0
3	-1.5,1.75,-5.0,2.5,0.0,-2.75,-4.75,0.75,2.0	1.0	0.0	10	10	0
3	-1.5,1.75,-5.0,2.5,0.0,-2.75,-4.75,0.75,2.0	32.0	0.0	0	0	1
3	-1.5,1.75,-5.0,2.5,0.0,-2.75,-4.75,0.75,2.0	0.3	0.125	1	1	1
3	-1.5,1.75,-5.0,2.5,0.0,-2.75,-4.75,0.75,2.0	5.25	2.25	3	0	0
3	-0.25,-3.25,-0.5,-5.0,-1.25,-4.25,-4.75,1.25,-0.75	1.0	0.0	0	0	0
3	-0.25,-3.25,-0.5,-5.0,-1.25,-4.25,-4.75,1.25,-0.75	1.0	0.0	1	1	0
3	-0.25,-3.25,-0.5,-5.0,-1.25,-4.25,-4.75,1.25,-0.75	8.0	0.0	0	0	0
3	-0.25,-3.25,-0.5,-5.0,-1.25,-4.25,-4.75,1.25,-0.75	8.0	0.0	2	2	0
3	-0.25,-3.25,-0.5,-5.0,-1.25,-4.25,-4.75,1.25,-0.75	1.0	0.0	10	10	0
3	-0.25,-3.25,-0.5,-5.0,-1.25,-4.25,-4.75,1.25,-0.75	32.0	0.0	0	0	0
3	-0.25,-3.25,-0.5,-5.0,-1.25,-4.25,-4.75,1.25,-0.75	0.3	0.125	1	1	0
3	-0.25,-3.25,-0.5,-5.0,-1.25,-4.25,-4.75,1.25,-0.75	5.25	2.25	3	0	0
3	4.25,-4.75,2.5,5.0,0.25,-0.5,-0.5,2.75,-0.25	1.0	0.0	0	0	1
3	4.25,-4.75,2.5,5.0,0.25,-0.5,-0.5,2.75,-0.25	1.0	0.0	1	1	1
3	4.25,-4.75,2.5,5.0,0.25,-0.5,-0.5,2.75,-0.25	8.0	0.0	0	0	1
3	4.25,-4.75,2.5,5.0,0.25,-0.5,-0.5,2.75,-0.25	8.0	0.0	2	2	0
3	4.25,-4.75,2.5,5.0,0.25,-0.5,-0.5,2.75,-0.25	1.0	0.0	10	10	0
3	4.25,-4.75,2.5,5.0,0.25,-0.5,-0.5,2.75,-0.25	32.0	0.0	0	0	1
3	4.25,-4.75,2.5,5.0,0.25,-0.5,-0.5,2.75,-0.25	0.3	0.125	1	1	1
3	4.25,-4.75,2.5,5.0,0.25,-0.5,-0.5,2.75,-0.25	5.25	2.25	3	0	0
3	2.0,-0.75,-4.75,2.0,-4.25,-4.5,-1.75,4.25,-4.5	1.0	0.0	0	0	0
3	2.0,-0.75,-4.75,2.0,-4.25,-4.5,-1.75,4.25,-4.5	1.0	0.0	1	1	0
3	2.0,-0.75,-4.75,2.0,-4.25,-4.5,-1.75,4.25,-4.5	8.0	0.0	0	0	0
3	2.0,-0.75,-4.75,2.0,-4.25,-4.5,-1.75,4.25,-4.5	8.0	0.0	2	2	0
3	2.0,-0.75,-4.75,2.0,-4.25,-4.5,-1.75,4.25,-4.5	1.0	0.0	10	10	0
3	2.0,-0.75,-4.75,2.0,-4.25,-4.5,-1.75,4.25,-4.5	32.0	0.0	0	0	0
3	2.0,-0.75,-4.75,2.0,-4.25,-4.5,-1.75,4.25,-4.5	0.3	0.125	1	1	0
3	2.0,-0.75,-4.75,2.0,-4.25,-4.5,-1.75,4.25,-4.5	5.25	2.25	3	0	0
3	-2.5,-2.0,2.75,-5.0,-3.5,-1.75,-1.25,-0.75,4.75	1.0	0.0	0	0	0
3	-2.5,-2.0,2.75,-5.0,-3.5,-1.75,-1.25,-0.75,4.75	1.0	0.0	1	1	0
3	-2.5,-2.0,2.75,-5.0,-3.5,-1.75,-1.25,-0.75,4.75	8.0	0.0	0	0	0
3	-2.5,-2.0,2.75,-5.0,-3.5,-1.75,-1.25,-0.75,4.75	8.0	0.0	2	2	0
3	-2.5,-2.0,2.75,-5.0,-3.5,-1.75,-1.25,-0.75,4.75	1.0	0.0	10	10	0
3	-2.5,-2.0,2.75,-5.0,-3.5,-1.75,-1.25,-0.75,4.75	32.0	0.0	0	0	0
3	-2.5,-2.0,2.75,-5.0,-3.5,-1.75,-1.25,-0.75,4.75	0.3	0.125	1	1	0
3	-2.5,-2.0,2.75,-5.0,-3.5,-1.75,-1.25,-0.75,4.75	5.25	2.25	3	0	0
3	1.0,-3.5,2.5,2.75,-3.25,3.0,3.5,0.0,4.0	1.0	0.0	0	0	0
3	1.0,-3.5,2.5,2.75,-3.25,3.0,3.5,0.0,4.0	1.0	0.0	1	1	0
3	1.0,-3.5,2.5,2.75,-3.25,3.0,3.5,0.0,4.0	8.0	0.0	0	0	1
3	1.0,-3.5,2.5,2.75,-3.25,3.0,3.5,0.0,4.0	8.0	0.0	2	2	0
3	1.0,-3.5,2.5,2.75,-3.25,3.0,3.5,0.0,4.0	1.0	0.0	10	10	0
3	1.0,-3.5,2.5,2.75,-3.25,3.0,3.5,0.0,4.0	32.0	0.0	0	0	1
3	1.0,-3.5,2.5,2.75,-3.25,3.0,3.5,0.0,4.0	0.3	0.125	1	1	0
3	1.0,-3.5,2.5,2.75,-3.25,3.0,3.5,0.0,4.0	5.25	2.25	3	0	0
3	-2.0,4.75,-4.75,0.25,-4.0,0.5,-1.25,-1.25,-1.75	1.0	0.0	0	0	1
3	-2.0,4.75,-4.75,0.25,-4.0,0.5,-1.25,-1.25,-1.75	1.0	0.0	1	1	0
3	-2.0,4.75,-4.75,0.25,-4.0,0.5,-1.25,-1.25,-1.75	8.0	0.0	0	0	1
3	-2.0,4.75,-4.75,0.25,-4.0,0.5,-1.25,-1.25,-1.75	8.0	0.0	2	2	0
3	-2.0,4.75,-4.75,0.25,-4.0,0.5,-1.25,-1.25,-1.75	1.0	0.0	10	10	0
3	-2.0,4.75,-4.75,0.25,-4.0,0.5,-1.25,-1.25,-1.75	32.0	0.0	0	0	1
3	-2.0,4.75,-4.75,0.25,-4.0,0.5,-1.25,-1.25,-1.75	0.3	0.125	1	1	1
3	-2.0,4.75,-4.75,0.25,-4.0,0.5,-1.25,-1.25,-1.75	5.25	2.25	3	0	0
3	1.0,2.5,-4.5,-1.5,-0.5,0.75,-2.5,-0.5,1.0	1.0	0.0	0	0	1
3	1.0,2.5,-4.5,-1.5,-0.5,0.75,-2.5,-0.5,1.0	1.0	0.0	1	1	1
3	1.0,2.5,-4.5,-1.5,-0.5,0.75,-2.5,-0.5,1.0	8.0	0.0	0	0	1
3	1.0,2.5,-4.5,-1.5,-0.5,0.75,-2.5,-0.5,1.0	8.0	0.0	2	2	0
3	1.0,2.5,-4.5,-1.5,-0.5,0.75,-2.5,-0.5,1.0	1.0	0.0	10	10	0
3	1.0,2.5,-4.5,-1.5,-0.5,0.75,-2.5,-0.5,1.0	32.0	0.0	0	0	1
3	1.0,2.5,-4.5,-1.5,-0.5,0.75,-2.5,-0.5,1.0	0.3	0.125	1	1	1
3	1.0,2.5,-4.5,-1.5,-0.5,0.75,-2.5,-0.5,1.0	5.25	2.25	3	0	0
3	-3.75,-2.5,2.5,2.25,2.75,-0.75,-3.5,-3.25,-1.25	1.0	0.0	0	0	1
3	-3.75,-2.5,2.5,2.25,2.75,-0.75,-3.5,-3.25,-1.25	1.0	0.0	1	1	1
3	-3.75,-2.5,2.5,2.25,2.75,-0.75,-3.5,-3.25,-1.25	8.0	0.0	0	0	1
3	-3.75,-2.5,2.5,2.25,2.75,-0.75,-3.5,-3.25,-1.25	8.0	0.0	2	2	0
3	-3.75,-2.5,2.5,2.25,2.75,-0.75,-3.5,-3.25,-1.25	1.0	0.0	10	10	0
3	-3.75,-2.5,2.5,2.25,2.75,-0.75,-3.5,-3.25,-1.25	32.0	0.0	0	0	1
3	-3.75,-2.5,2.5,2.25,2.75,-0.75,-3.5,-3.25,-1.25	0.3	0.125	1	1	1
3	-3.75,-2.5,2.5,2.25,2.75,-0.75,-3.5,-3.25,-1.25	5.25	2.25	3	0	0
3	-5.0,-3.25,-1.75,3.25,-4.75,1.25,-4.25,-3.75,1.0	1.0	0.0	0	0	1
3	-5.0,-3.25,-1.75,3.25,-4.75,1.25,-4.25,-3.75,1.0	1.0	0.0	1	1	1
3	-5.0,-3.25,-1.75,3.25,-4.75,1.25,-4.25,-3.75,1.0	8.0	0.0	0	0	1
3	-5.0,-3.25,-1.75,3.25,-4.75,1.25,-4.25,-3.75,1.0	8.0	0.0	2	2	0
3	-5.0,-3.25,-1.75,3.25,-4.75,1.25,-4.25,-3.75,1.0	1.0	0.0	10	10	0
3	-5.0,-3.25,-1.75,3.25,-4.75,1.25,-4.25,-3.75,1.0	32.0	0.0	0	0	1
3	-5.0,-3.25,-1.75,3.25,-4.75,1.25,-4.25,-3.75,1.0	0.3	0.125	1	1	1
3	-5.0,-3.25,-1.75,3.25,-4.75,1.25,-4.25,-3.75,1.0	5.25	2.25	3	0	0
4	4.5,0.25,-4.0,1.0,-4.75,-3.75,-1.75,3.5,-2.25,5.0,3.75,-1.0	1.0	0.0	0	0	0
4	4.5,0.25,-4.0,1.0,-4.75,-3.75,-1.75,3.5,-2.25,5.0,3.75,-1.0	1.0	0.0	1	1	0
4	4.5,0.25,-4.0,1.0,-4.75,-3.75,-1.75,3.5,-2.25,5.0,3.75,-1.0	8.0	0.0	0	0	0
4	4.5,0.25,-4.0,1.0,-4.75,-3.75,-1.75,3.5,-2.25,5.0,3.75,-1.0	8.0	0.0	2	2	0
4	4.5,0.25,-4.0,1.0,-4.75,-3.75,-1.75,3.5,-2.25,5.0,3.75,-1.0	1.0	0.0	10	10	0
4	4.5,0.25,-4.0,1.0,-4.75,-3.75,-1.75,3.5,-2.25,5.0,3.75,-1.0	32.0	0.0	0	0	0
4	4.5,0.25,-4.0,1.0,-4.75,-3.75,-1.75,3.5,-2.25,5.0,3.75,-1.0	0.3	0.125	1	1	0
4	4.5,0.25,-4.0,1.0,-4.75,-3.75,-1.75,3.5,-2.25,5.0,3.75,-1.0	5.25	2.25	3	0	0
4	4.75,5.0,-2.5,1.25,-1.0,-4.25,-1.25,-1.75,1.75,2.25,-0.25,1.75	1.0	0.0	0	0	1
4	4.75,5.0,-2.5,1.25,-1.0,-4.25,-1.25,-1.75,1.75,2.25,-0.25,1.75	1.0	0.0	1	1	1
4	4.75,5.0,-2.5,1.25,-1.0,-4.25,-1.25,-1.75,1.75,2.25,-0.25,1.75	8.0	0.0	0	0	1
4	4.75,5.0,-2.5,1.25,-1.0,-4.25,-1.25,-1.75,1.75,2.25,-0.25,1.75	8.0	0.0	2	2	0
4	4.75,5.0,-2.5,1.25,-1.0,-4.25,-1.25,-1.75,1.75,2.25,-0.25,1.75	1.0	0.0	10	10	0
4	4.75,5.0,-2.5,1.25,-1.0,-4.25,-1.25,-1.75,1.75,2.25,-0.25,1.75	32.0	0.0	0	0	1
4	4.75,5.0,-2.5,1.25,-1.0,-4.25,-1.25,-1.75,1.75,2.25,-0.25,1.75	0.3	0.125	1	1	1
4	4.75,5.0,-2.5,1.25,-1.0,-4.25,-1.25,-1.75,1.75,2.25,-0.25,1.75	5.25	2.25	3	0	0
4	-4.0,-0.25,-3.5,4.25,2.5,-5.0,2.0,-5.0,-2.0,3.5,-3.75,0.5	1.0	0.0	0	0	1
4	-4.0,-0.25,-3.5,4.25,2.5,-5.0,2.0,-5.0,-2.0,3.5,-3.75,0.5	1.0	0.0	1	1	0
4	-4.0,-0.25,-3.5,4.25,2.5,-5.0,2.0,-5.0,-2.0,3.5,-3.75,0.5	8.0	0.0	0	0	1
4	-4.0,-0.25,-3.5,4.25,2.5,-5.0,2.0,-5.0,-2.0,3.5,-3.75,0.5	8.0	0.0	2	2	0
4	-4.0,-0.25,-3.5,4.25,2.5,-5.0,2.0,-5.0,-2.0,3.5,-3.75,0.5	1.0	0.0	10	10	0
4	-4.0,-0.25,-3.5,4.25,2.5,-5.0,2.0,-5.0,-2.0,3.5,-3.75,0.5	32.0	0.0	0	0	1
4	-4.0,-0.25,-3.5,4.25,2.5,-5.0,2.0,-5.0,-2.0,3.5,-3.75,0.5	0.3	0.125	1	1	1
4	-4.0,-0.25,-3.5,4.25,2.5,-5.0,2.0,-5.0,-2.0,3.5,-3.75,0.5	5.25	2.25	3	0	0
4	1.75,-3.75,-0.5,4.25,0.25,3.25,-4.0,0.75,3.0,4.0,1.25,-3.25	1.0	0.0	0	0	1
4	1.75,-3.75,-0.5,4.25,0.25,3.25,-4.0,0.75,3.0,4.0,1.25,-3.25	1.0	0.0	1	1	1
4	1.75,-3.75,-0.5,4.25,0.25,3.25,-4.0,0.75,3.0,4.0,1.25,-3.25	8.0	0.0	0	0	1
4	1.75,-3.75,-0.5,4.25,0.25,3.25,-4.0,0.75,3.0,4.0,1.25,-3.25	8.0	0.0	2	2	0
4	1.75,-3.75,-0.5,4.25,0.25,3.25,-4.0,0.75,3.0,4.0,1.25,-3.25	1.0	0.0	10	10	0
4	1.75,-3.75,-0.5,4.25,0.25,3.25,-4.0,0.75,3.0,4.0,1.25,-3.25	32.0	0.0	0	0	1
4	1.75,-3.75,-0.5,4.25,0.25,3.25,-4.0,0.75,3.0,4.0,1.25,-3.25	0.3	0.125	1	1	1
4	1.75,-3.75,-0.5,4.25,0.25,3.25,-4.0,0.75,3.0,4.0,1.25,-3.25	5.25	2.25	3	0	0
4	-4.25,-1.5,-3.0,-4.0,-1.0,-1.5,-4.0,-3.5,3.5,2.5,0.0,-1.5	1.0	0.0	0	0	1
4	-4.25,-1.5,-3.0,-4.0,-1.0,-1.5,-4.0,-3.5,3.5,2.5,0.0,-1.5	1.0	0.0	1	1	1
4	-4.25,-1.5,-3.0,-4.0,-1.0,-1.5,-4.0,-3.5,3.5,2.5,0.0,-1.5	8.0	0.0	0	0	1
4	-4.25,-1.5,-3.0,-4.0,-1.0,-1.5,-4.0,-3.5,3.5,2.5,0.0,-1.5	8.0	0.0	2	2	0
4	-4.25,-1.5,-3.0,-4.0,-1.0,-1.5,-4.0,-3.5,3.5,2.5,0.0,-1.5	1.0	0.0	10	10	0
4	-4.25,-1.5,-3.0,-4.0,-1.0,-1.5,-4.0,-3.5,3.5,2.5,0.0,-1.5	32.0	0.0	0	0	1
4	-4.25,-1.5,-3.0,-4.0,-1.0,-1.5,-4.0,-3.5,3.5,2.5,0.0,-1.5	0.3	0.125	1	1	1
4	-4.25,-1.5,-3.0,-4.0,-1.0,-1.5,-4.0,-3.5,3.5,2.5,0.0,-1.5	5.25	2.25	3	0	0
4	-3.25,3.5,-2.0,1.5,-3.0,-5.0,2.25,-1.25,-3.25,-1.0,3.0,-2.25	1.0	0.0	0	0	0
4	-3.25,3.5,-2.0,1.5,-3.0,-5.0,2.25,-1.25,-3.25,-1.0,3.0,-2.25	1.0	0.0	1	1	0
4	-3.25,3.5,-2.0,1.5,-3.0,-5.0,2.25,-1.25,-3.25,-1.0,3.0,-2.25	8.0	0.0	0	0	0
4	-3.25,3.5,-2.0,1.5,-3.0,-5.0,2.25,-1.25,-3.25,-1.0,3.0,-2.25	8.0	0.0	2	2	0
4	-3.25,3.5,-2.0,1.5,-3.0,-5.0,2.25,-1.25,-3.25,-1.0,3.0,-2.25	1.0	0.0	10	10	0
4	-3.25,3.5,-2.0,1.5,-3.0,-5.0,2.25,-1.25,-3.25,-1.0,3.0,-2.25	32.0	0.0	0	0	0
4	-3.25,3.5,-2.0,1.5,-3.0,-5.0,2.25,-1.25,-3.25,-1.0,3.0,-2.25	0.3	0.125	1	1	0
4	-3.25,3.5,-2.0,1.5,-3.0,-5.0,2.25,-1.25,-3.25,-1.0,3.0,-2.25	5.25	2.25	3	0	0
4	-3.5,4.0,-3.0,3.25,-3.5,2.0,0.0,1.5,4.75,-4.5,-2.25,-4.25	1.0	0.0	0	0	1
4	-3.5,4.0,-3.0,3.25,-3.5,2.0,0.0,1.5,4.75,-4.5,-2.25,-4.25	1.0	0.0	1	1	1
4	-3.5,4.0,-3.0,3.25,-3.5,2.0,0.0,1.5,4.75,-4.5,-2.25,-4.25	8.0	0.0	0	0	1
4	-3.5,4.0,-3.0,3.25,-3.5,2.0,0.0,1.5,4.75,-4.5,-2.25,-4.25	8.0	0.0	2	2	0
4	-3.5,4.0,-3.0,3.25,-3.5,2.0,0.0,1.5,4.75,-4.5,-2.25,-4.25	1.0	0.0	10	10	0
4	-3.5,4.0,-3.0,3.25,-3.5,2.0,0.0,1.5,4.75,-4.5,-2.25,-4.25	32.0	0.0	0	0	1
4	-3.5,4.0,-3.0,3.25,-3.5,2.0,0.0,1.5,4.75,-4.5,-2.25,-4.25	0.3	0.125	1	1	1
4	-3.5,4.0,-3.0,3.25,-3.5,2.0,0.0,1.5,4.75,-4.5,-2.25,-4.25	5.25	2.25	3	0	0
4	2.25,-0.25,-4.0,3.75,0.5,-4.0,1.5,-0.5,0.75,3.0,1.75,1.75	1.0	0.0	0	0	0
4	2.25,-0.25,-4.0,3.75,0.5,-4.0,1.5,-0.5,0.75,3.0,1.75,1.75	1.0	0.0	1	1	1
4	2.25,-0.25,-4.0,3.75,0.5,-4.0,1.5,-0.5,0.75,3.0,1.75,1.75	8.0	0.0	0	0	1
4	2.25,-0.25,-4.0,3.75,0.5,-4.0,1.5,-0.5,0.75,3.0,1.75,1.75	8.0	0.0	2	2	0
4	2.25,-0.25,-4.0,3.75,0.5,-4.0,1.5,-0.5,0.75,3.0,1.75,1.75	1.0	0.0	10	10	0
4	2.25,-0.25,-4.0,3.75,0.5,-4.0,1.5,-0.5,0.75,3.0,1.75,1.75	32.0	0.0	0	0	1
4	2.25,-0.25,-4.0,3.75,0.5,-4.0,1.5,-0.5,0.75,3.0,1.75,1.75	0.3	0.125	1	1	0
4	2.25,-0.25,-4.0,3.75,0.5,-4.0,1.5,-0.5,0.75,3.0,1.75,1.75	5.25	2.25	3	0	0
4	2.5,0.0,-0.75,-5.0,-4.75,5.0,4.25,-3.5,-2.25,-0.75,1.25,-2.5	1.0	0.0	0	0	1
4	2.5,0.0,-0.75,-5.0,-4.75,5.0,4.25,-3.5,-2.25,-0.75,1.25,-2.5	1.0	0.0	1	1	1
4	2.5,0.0,-0.75,-5.0,-4.75,5.0,4.25,-3.5,-2.25,-0.75,1.25,-2.5	8.0	0.0	0	0	1
4	2.5,0.0,-0.75,-5.0,-4.75,5.0,4.25,-3.5,-2.25,-0.75,1.25,-2.5	8.0	0.0	2	2	0
4	2.5,0.0,-0.75,-5.0,-4.75,5.0,4.25,-3.5,-2.25,-0.75,1.25,-2.5	1.0	0.0	10	10	0
4	2.5,0.0,-0.75,-5.0,-4.75,5.0,4.25,-3.5,-2.25,-0.75,1.25,-2.5	32.0	0.0	0	0	1
4	2.5,0.0,-0.75,-5.0,-4.75,5.0,4.25,-3.5,-2.25,-0.75,1.25,-2.5	0.3	0.125	1	1	1
4	2.5,0.0,-0.75,-5.0,-4.75,5.0,4.25,-3.5,-2.25,-0.75,1.25,-2.5	5.25	2.25	3	0	0
4	-4.5,1.25,-0.25,4.75,2.75,0.0,4.25,-2.25,3.25,0.25,2.0,4.25	1.0	0.0	0	0	1
4	-4.5,1.25,-0.25,4.75,2.75,0.0,4.25,-2.25,3.25,0.25,2.0,4.25	1.0	0.0	1	1	1
4	-4.5,1.25,-0.25,4.75,2.75,0.0,4.25,-2.25,3.25,0.25,2.0,4.25	8.0	0.0	0	0	1
4	-4.5,1.25,-0.25,4.75,2.75,0.0,4.25,-2.25,3.25,0.25,2.0,4.25	8.0	0.0	2	2	0
4	-4.5,1.25,-0.25,4.75,2.75,0.0,4.25,-2.25,3.25,0.25,2.0,4.25	1.0	0.0	10	10	0
4	-4.5,1.25,-0.25,4.75,2.75,0.0,4.25,-2.25,3.25,0.25,2.0,4.25	32.0	0.0	0	0	1
4	-4.5,1.25,-0.25,4.75,2.75,0.0,4.25,-2.25,3.25,0.25,2.0,4.25	0.3	0.125	1	1	1
4	-4.5,1.25,-0.25,4.75,2.75,0.0,4.25,-2.25,3.25,0.25,2.0,4.25	5.25	2.25	3	0	0
4	-1.25,-1.75,-1.5,-1.25,-1.25,-3.75,3.5,-2.25,-1.0,-4.75,-3.25,-3.25	1.0	0.0	0	0	0
4	-1.25,-1.75,-1.5,-1.25,-1.25,-3.75,3.5,-2.25,-1.0,-4.75,-3.25,-3.25	1.0	0.0	1	1	0
4	-1.25,-1.75,-1.5,-1.25,-1.25,-3.75,3.5,-2.25,-1.0,-4.75,-3.25,-3.25	8.0	0.0	0	0	0
4	-1.25,-1.75,-1.5,-1.25,-1.25,-3.75,3.5,-2.25,-1.0,-4.75,-3.25,-3.25	8.0	0.0	2	2	0
4	-1.25,-1.75,-1.5,-1.25,-1.25,-3.75,3.5,-2.25,-1.0,-4.75,-3.25,-3.25	1.0	0.0	10	10	0
4	-1.25,-1.75,-1.5,-1.25,-1.25,-3.75,3.5,-2.25,-1.0,-4.75,-3.25,-3.25	32.0	0.0	0	0	0
4	-1.25,-1.75,-1.5,-1.25,-1.25,-3.75,3.5,-2.25,-1.0,-4.75,-3.25,-3.25	0.3	0.125	1	1	0
4	-1.25,-1.75,-1.5,-1.25,-1.25,-3.75,3.5,-2.25,-1.0,-4.75,-3.25,-3.25	5.25	2.25	3	0	0
4	1.5,-5.0,-1.25,2.5,-4.75,-0.5,3.0,-4.25,1.0,1.75,1.25,4.0	1.0	0.0	0	0	0
4	1.5,-5.0,-1.25,2.5,-4.75,-0.5,3.0,-4.25,1.0,1.75,1.25,4.0	1.0	0.0	1	1	1
4	1.5,-5.0,-1.25,2.5,-4.75,-0.5,3.0,-4.25,1.0,1.75,1.25,4.0	8.0	0.0	0	0	1
4	1.5,-5.0,-1.25,2.5,-4.75,-0.5,3.0,-4.25,1.0,1.75,1.25,4.0	8.0	0.0	2	2	0
4	1.5,-5.0,-1.25,2.5,-4.75,-0.5,3.0,-4.25,1.0,1.75,1.25,4.0	1.0	0.0	10	10	0
4	1.5,-5.0,-1.25,2.5,-4.75,-0.5,3.0,-4.25,1.0,1.75,1.25,4.0	32.0	0.0	0	0	1
4	1.5,-5.0,-1.25,2.5,-4.75,-0.5,3.0,-4.25,1.0,1.75,1.25,4.0	0.3	0.125	1	1	0
4	1.5,-5.0,-1.25,2.5,-4.75,-0.5,3.0,-4.25,1.0,1.75,1.25,4.0	5.25	2.25	3	0	0
4	2.25,2.25,4.0,3.25,0.5,1.75,-3.25,-1.0,-5.0,0.25,3.5,-5.0	1.0	0.0	0	0	1
4	2.25,2.25,4.0,3.25,0.5,1.75,-3.25,-1.0,-5.0,0.25,3.5,-5.0	1.0	0.0	1	1	1
4	2.25,2.25,4.0,3.25,0.5,1.75,-3.25,-1.0,-5.0,0.25,3.5,-5.0	8.0	0.0	0	0	1
4	2.25,2.25,4.0,3.25,0.5,1.75,-3.25,-1.0,-5.0,0.25,3.5,-5.0	8.0	0.0	2	2	0
4	2.25,2.25,4.0,3.25,0.5,1.75,-3.25,-1.0,-5.0,0.25,3.5,-5.0	1.0	0.0	10	10	0
4	2.25,2.25,4.0,3.25,0.5,1.75,-3.25,-1.0,-5.0,0.25,3.5,-5.0	32.0	0.0	0	0	1
4	2.25,2.25,4.0,3.25,0.5,1.75,-3.25,-1.0,-5.0,0.25,3.5,-5.0	0.3	0.125	1	1	1
4	2.25,2.25,4.0,3.25,0.5,1.75,-3.25,-1.0,-5.0,0.25,3.5,-5.0	5.25	2.25	3	0	0
4	-0.25,-4.5,3.25,0.75,3.0,-0.75,2.75,2.0,3.25,4.25,4.25,0.75	1.0	0.0	0	0	1
4	-0.25,-4.5,3.25,0.75,3.0,-0.75,2.75,2.0,3.25,4.25,4.25,0.75	1.0	0.0	1	1	1
4	-0.25,-4.5,3.25,0.75,3.0,-0.75,2.75,2.0,3.25,4.25,4.25,0.75	8.0	0.0	0	0	1
4	-0.25,-4.5,3.25,0.75,3.0,-0.75,2.75,2.0,3.25,4.25,4.25,0.75	8.0	0.0	2	2	0
4	-0.25,-4.5,3.25,0.75,3.0,-0.75,2.75,2.0,3.25,4.25,4.25,0.75	1.0	0.0	10	10	0
4	-0.25,-4.5,3.25,0.75,3.0,-0.75,2.75,2.0,3.25,4.25,4.25,0.75	32.0	0.0	0	0	1
4	-0.25,-4.5,3.25,0.75,3.0,-0.75,2.75,2.0,3.25,4.25,4.25,0.75	0.3	0.125	1	1	1
4	-0.25,-4.5,3.25,0.75,3.0,-0.75,2.75,2.0,3.25,4.25,4.25,0.75	5.25	2.25	3	0	0
4	4.5,-0.5,4.5,2.0,-2.75,-4.25,-1.25,5.0,1.5,-2.75,3.75,4.25	1.0	0.0	0	0	1
4	4.5,-0.5,4.5,2.0,-2.75,-4.25,-1.25,5.0,1.5,-2.75,3.75,4.25	1.0	0.0	1	1	1
4	4.5,-0.5,4.5,2.0,-2.75,-4.25,-1.25,5.0,1.5,-2.75,3.75,4.25	8.0	0.0	0	0	1
4	4.5,-0.5,4.5,2.0,-2.75,-4.25,-1.25,5.0,1.5,-2.75,3.75,4.25	8.0	0.0	2	2	0
4	4.5,-0.5,4.5,2.0,-2.75,-4.25,-1.25,5.0,1.5,-2.75,3.75,4.25	1.0	0.0	10	10	0
4	4.5,-0.5,4.5,2.0,-2.75,-4.25,-1.25,5.0,1.5,-2.75,3.75,4.25	32.0	0.0	0	0	1
4	4.5,-0.5,4.5,2.0,-2.75,-4.25,-1.25,5.0,1.5,-2.75,3.75,4.25	0.3	0.125	1	1	1
4	4.5,-0.5,4.5,2.0,-2.75,-4.25,-1.25,5.0,1.5,-2.75,3.75,4.25	5.25	2.25	3	0	0
4	4.75,4.75,-4.5,0.25,-2.0,-1.5,-2.0,2.5,-5.0,3.75,-1.0,-3.25	1.0	0.0	0	0	0
4	4.75,4.75,-4.5,0.25,-2.0,-1.5,-2.0,2.5,-5.0,3.75,-1.0,-3.25	1.0	0.0	1	1	0
4	4.75,4.75,-4.5,0.25,-2.0,-1.5,-2.0,2.5,-5.0,3.75,-1.0,-3.25	8.0	0.0	0	0	0
4	4.75,4.75,-4.5,0.25,-2.0,-1.5,-2.0,2.5,-5.0,3.75,-1.0,-3.25	8.0	0.0	2	2	0
4	4.75,4.75,-4.5,0.25,-2.0,-1.5,-2.0,2.5,-5.0,3.75,-1.0,-3.25	1.0	0.0	10	10	0
4	4.75,4.75,-4.5,0.25,-2.0,-1.5,-2.0,2.5,-5.0,3.75,-1.0,-3.25	32.0	0.0	0	0	0
4	4.75,4.75,-4.5,0.25,-2.0,-1.5,-2.0,2.5,-5.0,3.75,-1.0,-3.25	0.3	0.125	1	1	0
4	4.75,4.75,-4.5,0.25,-2.0,-1.5,-2.0,2.5,-5.0,3.75,-1.0,-3.25	5.25	2.25	3	0	0
