count	vertices	center	lower	upper
3	-3.0,2.0,-5.0,7.0,3.0,-2.0,1.0,-4.0,8.0	1.6666667461395264,0.3333333432674408,0.3333333432674408	-3.0,105.0,-5.0	7.0,108.0,8.0
4	-3.0,2.0,-5.0,7.0,3.0,-2.0,8.0,-4.0,8.0,-2.0,9.0,5.0	2.5,2.5,1.5	-3.0,105.0,-5.0	8.0,108.0,8.0
3	0.0,0.0,0.0,1.0,0.0,0.0,0.0,0.0,1.0	0.3333333432674408,0.0,0.3333333432674408	0.0,105.0,0.0	1.0,108.0,1.0
4	-1.0,0.0,-1.0,1.0,0.0,-1.0,1.0,0.0,1.0,-1.0,0.0,1.0	0.0,0.0,0.0	-1.0,105.0,-1.0	1.0,108.0,1.0
3	1.0,0.0,1.0,1.0,2.0,1.0,1.0,-3.0,1.0	1.0,-0.3333333432674408,1.0	1.0,105.0,1.0	1.0,108.0,1.0
4	1.0,0.0,1.0,2.0,2.0,1.0,1.0,-3.0,2.0,2.0,4.0,2.0	1.5,0.75,1.5	1.0,105.0,1.0	2.0,108.0,2.0
3	-4.25,3.25,1.75,0.25,5.0,-5.0,3.75,-4.0,-0.5	-0.0833333358168602,1.4166667461395264,-1.25	-4.25,105.0,-5.0	3.75,108.0,1.75
3	-3.75,-5.0,3.0,4.25,-4.0,4.5,-4.75,-2.5,2.75	-1.4166667461395264,-3.8333334922790527,3.4166667461395264	-4.75,105.0,2.75	4.25,108.0,4.5
3	-4.0,-2.5,-4.0,1.0,-1.5,-3.5,-1.5,4.25,-2.25	-1.5,0.0833333358168602,-3.25	-4.0,105.0,-4.0	1.0,108.0,-2.25
3	3.5,-0.5,2.5,2.25,3.0,1.0,3.75,1.25,1.75	3.1666667461395264,1.25,1.75	2.25,105.0,1.0	3.75,108.0,2.5
3	4.5,5.0,-1.0,1.25,-4.75,3.25,-0.25,-4.5,-4.5	1.8333333730697632,-1.4166667461395264,-0.75	-0.25,105.0,-4.5	4.5,108.0,3.25
3	0.25,2.0,-3.25,-3.0,-4.5,-1.5,5.0,2.25,1.5	0.75,-0.0833333358168602,-1.0833333730697632	-3.0,105.0,-3.25	5.0,108.0,1.5
3	-1.5,1.75,-5.0,2.5,0.0,-2.75,-4.75,0.75,2.0	-1.25,0.8333333730697632,-1.9166667461395264	-4.75,105.0,-5.0	2.5,108.0,2.0
3	-0.25,-3.25,-0.5,-5.0,-1.25,-4.25,-4.75,1.25,-0.75	-3.3333334922790527,-1.0833333730697632,-1.8333333730697632	-5.0,105.0,-4.25	-0.25,108.0,-0.5
3	4.25,-4.75,2.5,5.0,0.25,-0.5,-0.5,2.75,-0.25	2.9166667461395264,-0.5833333730697632,0.5833333730697632	-0.5,105.0,-0.5	5.0,108.0,2.5
3	2.0,-0.75,-4.75,2.0,-4.25,-4.5,-1.75,4.25,-4.5	0.75,-0.25,-4.583333492279053	-1.75,105.0,-4.75	2.0,108.0,-4.5
3	-2.5,-2.0,2.75,-5.0,-3.5,-1.75,-1.25,-0.75,4.75	-2.9166667461395264,-2.0833334922790527,1.9166667461395264	-5.0,105.0,-1.75	-1.25,108.0,4.75
3	1.0,-3.5,2.5,2.75,-3.25,3.0,3.5,0.0,4.0	2.4166667461395264,-2.25,3.1666667461395264	1.0,105.0,2.5	3.5,108.0,4.0
3	-2.0,4.75,-4.75,0.25,-4.0,0.5,-1.25,-1.25,-1.75	-1.0,-0.1666666716337204,-2.0	-2.0,105.0,-4.75	0.25,108.0,0.5
3	1.0,2.5,-4.5,-1.5,-0.5,0.75,-2.5,-0.5,1.0	-1.0,0.5,-0.9166666865348816	-2.5,105.0,-4.5	1.0,108.0,1.0
3	-3.75,-2.5,2.5,2.25,2.75,-0.75,-3.5,-3.25,-1.25	-1.6666667461395264,-1.0,0.1666666716337204	-3.75,105.0,-1.25	2.25,108.0,2.5
3	-5.0,-3.25,-1.75,3.25,-4.75,1.25,-4.25,-3.75,1.0	-2.0,-3.9166667461395264,0.1666666716337204	-5.0,105.0,-1.75	3.25,108.0,1.25
4	4.5,0.25,-4.0,1.0,-4.75,-3.75,-1.75,3.5,-2.25,5.0,3.75,-1.0	2.1875,0.6875,-2.75	-1.75,105.0,-4.0	5.0,108.0,-1.0
4	4.75,5.0,-2.5,1.25,-1.0,-4.25,-1.25,-1.75,1.75,2.25,-0.25,1.75	1.75,0.5,-0.8125	-1.25,105.0,-4.25	4.75,108.0,1.75
4	-4.0,-0.25,-3.5,4.25,2.5,-5.0,2.0,-5.0,-2.0,3.5,-3.75,0.5	1.4375,-1.625,-2.5	-4.0,105.0,-5.0	4.25,108.0,0.5
4	1.75,-3.75,-0.5,4.25,0.25,3.25,-4.0,0.75,3.0,4.0,1.25,-3.25	1.5,-0.375,0.625	-4.0,105.0,-3.25	4.25,108.0,3.25
4	-4.25,-1.5,-3.0,-4.0,-1.0,-1.5,-4.0,-3.5,3.5,2.5,0.0,-1.5	-2.4375,-1.5,-0.625	-4.25,105.0,-3.0	2.5,108.0,3.5
4	-3.25,3.5,-2.0,1.5,-3.0,-5.0,2.25,-1.25,-3.25,-1.0,3.0,-2.25	-0.125,0.5625,-3.125	-3.25,105.0,-5.0	2.25,108.0,-2.0
4	-3.5,4.0,-3.0,3.25,-3.5,2.0,0.0,1.5,4.75,-4.5,-2.25,-4.25	-1.1875,-0.0625,-0.125	-4.5,105.0,-4.25	3.25,108.0,4.75
4	2.25,-0.25,-4.0,3.75,0.5,-4.0,1.5,-0.5,0.75,3.0,1.75,1.75	2.625,0.375,-1.375	1.5,105.0,-4.0	3.75,108.0,1.75
4	2.5,0.0,-0.75,-5.0,-4.75,5.0,4.25,-3.5,-2.25,-0.75,1.25,-2.5	0.25,-1.75,-0.125	-5.0,105.0,-2.5	4.25,108.0,5.0
4	-4.5,1.25,-0.25,4.75,2.75,0.0,4.25,-2.25,3.25,0.25,2.0,4.25	1.1875,0.9375,1.8125	-4.5,105.0,-0.25	4.75,108.0,4.25
4	-1.25,-1.75,-1.5,-1.25,-1.25,-3.75,3.5,-2.25,-1.0,-4.75,-3.25,-3.25	-0.9375,-2.125,-2.375	-4.75,105.0,-3.75	3.5,108.0,-1.0
4	1.5,-5.0,-1.25,2.5,-4.75,-0.5,3.0,-4.25,1.0,1.75,1.25,4.0	2.1875,-3.1875,0.8125	1.5,105.0,-1.25	3.0,108.0,4.0
4	2.25,2.25,4.0,3.25,0.5,1.75,-3.25,-1.0,-5.0,0.25,3.5,-5.0	0.625,1.3125,-1.0625	-3.25,105.0,-5.0	3.25,108.0,4.0
4	-0.25,-4.5,3.25,0.75,3.0,-0.75,2.75,2.0,3.25,4.25,4.25,0.75	1.875,1.1875,1.625	-0.25,105.0,-0.75	4.25,108.0,3.25
4	4.5,-0.5,4.5,2.0,-2.75,-4.25,-1.25,5.0,1.5,-2.75,3.75,4.25	0.625,1.375,1.5	-2.75,105.0,-4.25	4.5,108.0,4.5
4	4.75,4.75,-4.5,0.25,-2.0,-1.5,-2.0,2.5,-5.0,3.75,-1.0,-3.25	1.6875,1.0625,-3.5625	-2.0,105.0,-5.0	4.75,108.0,-1.5
