name	root	polygons	order	tree
leaf	0	0,0.0,0,10,1.0,0,0,2.0,10	0	0:0:0
leaf	0	0,0.0,0,10,1.0,0,0,2.0,10	0,0,0,0,0,0,0,0,0,0,0,0,0,0,0,0,0,0,0,0,0,0,0,0,0,0,0,0,0,0,0,0,0,0,0,0,0,0,0,0,0,0,0,0,0,0,0,0	0:0:0,0,0,0,0,0,0,0,0,0,0,0,0,0,0,0,0,0,0,0,0,0,0,0,0,0,0,0,0,0,0,0,0,0,0,0,0,0,0,0,0,0,0,0,0,0,0,0
deep_split	0	0,0.0,0,10,1.0,0,0,2.0,10	0	0:0:0
deep_split	0	0,0.0,0,10,1.0,0,0,2.0,10	0,0,0,0,0,0,0,0,0,0,0,0,0,0,0,0,0,0,0,0,0,0,0,0,0,0,0,0,0,0,0,0,0,0,0,0,0,0,0,0,0,0,0,0,0,0,0,0	0:0:0,0,0,0,0,0,0,0,0,0,0,0,0,0,0,0,0,0,0,0,0,0,0,0,0,0,0,0,0,0,0,0,0,0,0,0,0,0,0,0,0,0,0,0,0,0,0,0
deep_split	0	0,0.0,0,10,1.0,0,0,2.0,10	0,0,0,0,0,0,0,0,0,0,0,0,0,0,0,0,0,0,0,0,0,0,0,0,0,0,0,0,0,0,0,0,0,0,0,0,0,0,0,0,0,0,0,0,0,0,0,0,0	0:15:-;268451840:0:-;268451841:4:-;536903682:4:-;805371908:4:-;1073872904:4:-;1342439440:4:-;1611137056:4:-;1880096832:4:-;2149580928:4:-;2420113664:4:-;2692743680:15:-;2969584640:12:-;3254814720:0:0,0,0,0,0,0,0,0,0,0,0,0,0,0,0,0,0,0,0,0,0,0,0,0,0,0,0,0,0,0,0,0,0,0,0,0,0,0,0,0,0,0,0,0,0,0,0,0,0;3254814721:0:0,0,0,0,0,0,0,0,0,0,0,0,0,0,0,0,0,0,0,0,0,0,0,0,0,0,0,0,0,0,0,0,0,0,0,0,0,0,0,0,0,0,0,0,0,0,0,0,0;2969584641:4:-;3254814722:0:0,0,0,0,0,0,0,0,0,0,0,0,0,0,0,0,0,0,0,0,0,0,0,0,0,0,0,0,0,0,0,0,0,0,0,0,0,0,0,0,0,0,0,0,0,0,0,0,0;2969568256:15:-;3254798336:0:0,0,0,0,0,0,0,0,0,0,0,0,0,0,0,0,0,0,0,0,0,0,0,0,0,0,0,0,0,0,0,0,0,0,0,0,0,0,0,0,0,0,0,0,0,0,0,0,0;3254798337:0:0,0,0,0,0,0,0,0,0,0,0,0,0,0,0,0,0,0,0,0,0,0,0,0,0,0,0,0,0,0,0,0,0,0,0,0,0,0,0,0,0,0,0,0,0,0,0,0,0;3254781952:0:0,0,0,0,0,0,0,0,0,0,0,0,0,0,0,0,0,0,0,0,0,0,0,0,0,0,0,0,0,0,0,0,0,0,0,0,0,0,0,0,0,0,0,0,0,0,0,0,0;3254781953:0:0,0,0,0,0,0,0,0,0,0,0,0,0,0,0,0,0,0,0,0,0,0,0,0,0,0,0,0,0,0,0,0,0,0,0,0,0,0,0,0,0,0,0,0,0,0,0,0,0;2969568257:5:-;3254798338:0:0,0,0,0,0,0,0,0,0,0,0,0,0,0,0,0,0,0,0,0,0,0,0,0,0,0,0,0,0,0,0,0,0,0,0,0,0,0,0,0,0,0,0,0,0,0,0,0,0;3254781954:0:0,0,0,0,0,0,0,0,0,0,0,0,0,0,0,0,0,0,0,0,0,0,0,0,0,0,0,0,0,0,0,0,0,0,0,0,0,0,0,0,0,0,0,0,0,0,0,0,0;268435456:0:-;268435457:0:-
deep_split	0	0,0.0,0,10,1.0,0,0,2.0,10	0,0,0,0,0,0,0,0,0,0,0,0,0,0,0,0,0,0,0,0,0,0,0,0,0,0,0,0,0,0,0,0,0,0,0,0,0,0,0,0,0,0,0,0,0,0,0,0,0,0	0:15:-;268451840:0:-;268451841:4:-;536903682:4:-;805371908:4:-;1073872904:4:-;1342439440:4:-;1611137056:4:-;1880096832:4:-;2149580928:4:-;2420113664:4:-;2692743680:15:-;2969584640:12:-;3254814720:0:0,0,0,0,0,0,0,0,0,0,0,0,0,0,0,0,0,0,0,0,0,0,0,0,0,0,0,0,0,0,0,0,0,0,0,0,0,0,0,0,0,0,0,0,0,0,0,0,0,0;3254814721:0:0,0,0,0,0,0,0,0,0,0,0,0,0,0,0,0,0,0,0,0,0,0,0,0,0,0,0,0,0,0,0,0,0,0,0,0,0,0,0,0,0,0,0,0,0,0,0,0,0,0;2969584641:4:-;3254814722:0:0,0,0,0,0,0,0,0,0,0,0,0,0,0,0,0,0,0,0,0,0,0,0,0,0,0,0,0,0,0,0,0,0,0,0,0,0,0,0,0,0,0,0,0,0,0,0,0,0,0;2969568256:15:-;3254798336:0:0,0,0,0,0,0,0,0,0,0,0,0,0,0,0,0,0,0,0,0,0,0,0,0,0,0,0,0,0,0,0,0,0,0,0,0,0,0,0,0,0,0,0,0,0,0,0,0,0,0;3254798337:0:0,0,0,0,0,0,0,0,0,0,0,0,0,0,0,0,0,0,0,0,0,0,0,0,0,0,0,0,0,0,0,0,0,0,0,0,0,0,0,0,0,0,0,0,0,0,0,0,0,0;3254781952:0:0,0,0,0,0,0,0,0,0,0,0,0,0,0,0,0,0,0,0,0,0,0,0,0,0,0,0,0,0,0,0,0,0,0,0,0,0,0,0,0,0,0,0,0,0,0,0,0,0,0;3254781953:0:0,0,0,0,0,0,0,0,0,0,0,0,0,0,0,0,0,0,0,0,0,0,0,0,0,0,0,0,0,0,0,0,0,0,0,0,0,0,0,0,0,0,0,0,0,0,0,0,0,0;2969568257:5:-;3254798338:0:0,0,0,0,0,0,0,0,0,0,0,0,0,0,0,0,0,0,0,0,0,0,0,0,0,0,0,0,0,0,0,0,0,0,0,0,0,0,0,0,0,0,0,0,0,0,0,0,0,0;3254781954:0:0,0,0,0,0,0,0,0,0,0,0,0,0,0,0,0,0,0,0,0,0,0,0,0,0,0,0,0,0,0,0,0,0,0,0,0,0,0,0,0,0,0,0,0,0,0,0,0,0,0;268435456:0:-;268435457:0:-
terminal_growth	3254781952	0,0.0,0,1,1.0,0,0,2.0,1	0	3254781952:0:0
terminal_growth	3254781952	0,0.0,0,1,1.0,0,0,2.0,1	0,0,0,0,0,0,0,0,0,0,0,0,0,0,0,0,0,0,0,0,0,0,0,0,0,0,0,0,0,0,0,0,0,0,0,0,0,0,0,0,0,0,0,0,0,0,0,0	3254781952:0:0,0,0,0,0,0,0,0,0,0,0,0,0,0,0,0,0,0,0,0,0,0,0,0,0,0,0,0,0,0,0,0,0,0,0,0,0,0,0,0,0,0,0,0,0,0,0,0
terminal_growth	3254781952	0,0.0,0,1,1.0,0,0,2.0,1	0,0,0,0,0,0,0,0,0,0,0,0,0,0,0,0,0,0,0,0,0,0,0,0,0,0,0,0,0,0,0,0,0,0,0,0,0,0,0,0,0,0,0,0,0,0,0,0,0	3254781952:0:0,0,0,0,0,0,0,0,0,0,0,0,0,0,0,0,0,0,0,0,0,0,0,0,0,0,0,0,0,0,0,0,0,0,0,0,0,0,0,0,0,0,0,0,0,0,0,0,0
terminal_growth	3254781952	0,0.0,0,1,1.0,0,0,2.0,1	0,0,0,0,0,0,0,0,0,0,0,0,0,0,0,0,0,0,0,0,0,0,0,0,0,0,0,0,0,0,0,0,0,0,0,0,0,0,0,0,0,0,0,0,0,0,0,0,0,0	3254781952:0:0,0,0,0,0,0,0,0,0,0,0,0,0,0,0,0,0,0,0,0,0,0,0,0,0,0,0,0,0,0,0,0,0,0,0,0,0,0,0,0,0,0,0,0,0,0,0,0,0,0
terminal_growth	3254781952	0,0.0,0,1,1.0,0,0,2.0,1	0,0,0,0,0,0,0,0,0,0,0,0,0,0,0,0,0,0,0,0,0,0,0,0,0,0,0,0,0,0,0,0,0,0,0,0,0,0,0,0,0,0,0,0,0,0,0,0,0,0,0,0,0,0,0,0,0,0,0,0	3254781952:0:0,0,0,0,0,0,0,0,0,0,0,0,0,0,0,0,0,0,0,0,0,0,0,0,0,0,0,0,0,0,0,0,0,0,0,0,0,0,0,0,0,0,0,0,0,0,0,0,0,0,0,0,0,0,0,0,0,0,0,0
mixed_forward	0	-100,0.0,-100,-90,1.0,-100,-100,2.0,-90/-100,0.0,100,-90,1.0,100,-100,2.0,110/100,0.0,100,110,1.0,100,100,2.0,110/100,0.0,-100,110,1.0,-100,100,2.0,-90/0,0.0,0,10,1.0,0,0,2.0,10/-10,0.0,-10,0,1.0,-10,-10,2.0,0/-8.0,1.0,-8.0,8.0,2.0,-8.0,8.0,3.0,8.0,-8.0,4.0,8.0/8192,0.0,8192,8202,1.0,8192,8192,2.0,8202/8193,0.0,0,8203,1.0,0,8193,2.0,10/-8193,0.0,-1,-8183,1.0,-1,-8193,2.0,9	0	0:0:0
mixed_forward	0	-100,0.0,-100,-90,1.0,-100,-100,2.0,-90/-100,0.0,100,-90,1.0,100,-100,2.0,110/100,0.0,100,110,1.0,100,100,2.0,110/100,0.0,-100,110,1.0,-100,100,2.0,-90/0,0.0,0,10,1.0,0,0,2.0,10/-10,0.0,-10,0,1.0,-10,-10,2.0,0/-8.0,1.0,-8.0,8.0,2.0,-8.0,8.0,3.0,8.0,-8.0,4.0,8.0/8192,0.0,8192,8202,1.0,8192,8192,2.0,8202/8193,0.0,0,8203,1.0,0,8193,2.0,10/-8193,0.0,-1,-8183,1.0,-1,-8193,2.0,9	0,1,2,3,4,5,6,7,8,9,0,1,2,3,4,5,6,7,8,9,0,1,2,3,4,5,6,7,8,9,0,1,2,3,4,5,6,7,8,9,0,1,2,3,4,5,6,7	0:0:0,1,2,3,4,5,6,9,0,1,2,3,4,5,6,9,0,1,2,3,4,5,6,9,0,1,2,3,4,5,6,9,0,1,2,3,4,5,6
mixed_forward	0	-100,0.0,-100,-90,1.0,-100,-100,2.0,-90/-100,0.0,100,-90,1.0,100,-100,2.0,110/100,0.0,100,110,1.0,100,100,2.0,110/100,0.0,-100,110,1.0,-100,100,2.0,-90/0,0.0,0,10,1.0,0,0,2.0,10/-10,0.0,-10,0,1.0,-10,-10,2.0,0/-8.0,1.0,-8.0,8.0,2.0,-8.0,8.0,3.0,8.0,-8.0,4.0,8.0/8192,0.0,8192,8202,1.0,8192,8192,2.0,8202/8193,0.0,0,8203,1.0,0,8193,2.0,10/-8193,0.0,-1,-8183,1.0,-1,-8193,2.0,9	0,1,2,3,4,5,6,7,8,9,0,1,2,3,4,5,6,7,8,9,0,1,2,3,4,5,6,7,8,9,0,1,2,3,4,5,6,7,8,9,0,1,2,3,4,5,6,7,8	0:0:0,1,2,3,4,5,6,9,0,1,2,3,4,5,6,9,0,1,2,3,4,5,6,9,0,1,2,3,4,5,6,9,0,1,2,3,4,5,6
mixed_forward	0	-100,0.0,-100,-90,1.0,-100,-100,2.0,-90/-100,0.0,100,-90,1.0,100,-100,2.0,110/100,0.0,100,110,1.0,100,100,2.0,110/100,0.0,-100,110,1.0,-100,100,2.0,-90/0,0.0,0,10,1.0,0,0,2.0,10/-10,0.0,-10,0,1.0,-10,-10,2.0,0/-8.0,1.0,-8.0,8.0,2.0,-8.0,8.0,3.0,8.0,-8.0,4.0,8.0/8192,0.0,8192,8202,1.0,8192,8192,2.0,8202/8193,0.0,0,8203,1.0,0,8193,2.0,10/-8193,0.0,-1,-8183,1.0,-1,-8193,2.0,9	0,1,2,3,4,5,6,7,8,9,0,1,2,3,4,5,6,7,8,9,0,1,2,3,4,5,6,7,8,9,0,1,2,3,4,5,6,7,8,9,0,1,2,3,4,5,6,7,8,9	0:0:0,1,2,3,4,5,6,9,0,1,2,3,4,5,6,9,0,1,2,3,4,5,6,9,0,1,2,3,4,5,6,9,0,1,2,3,4,5,6,9
mixed_forward	0	-100,0.0,-100,-90,1.0,-100,-100,2.0,-90/-100,0.0,100,-90,1.0,100,-100,2.0,110/100,0.0,100,110,1.0,100,100,2.0,110/100,0.0,-100,110,1.0,-100,100,2.0,-90/0,0.0,0,10,1.0,0,0,2.0,10/-10,0.0,-10,0,1.0,-10,-10,2.0,0/-8.0,1.0,-8.0,8.0,2.0,-8.0,8.0,3.0,8.0,-8.0,4.0,8.0/8192,0.0,8192,8202,1.0,8192,8192,2.0,8202/8193,0.0,0,8203,1.0,0,8193,2.0,10/-8193,0.0,-1,-8183,1.0,-1,-8193,2.0,9	0,1,2,3,4,5,6,7,8,9,0,1,2,3,4,5,6,7,8,9,0,1,2,3,4,5,6,7,8,9,0,1,2,3,4,5,6,7,8,9,0,1,2,3,4,5,6,7,8,9,0,1,2,3,4,5,6,7,8,9,0,1,2,3,4,5,6,7,8,9,0,1,2,3,4,5,6,7,8,9,0,1,2,3,4,5,6,7,8,9	0:15:-;268451840:0:1,5,6,9,1,5,6,9,1,5,6,9,1,5,6,9,1,5,6,9,1,5,6,9,1,5,6,9,1,5,6,9,1,5,6,9;268451841:0:2,4,5,6,2,4,5,6,2,4,5,6,2,4,5,6,2,4,5,6,2,4,5,6,2,4,5,6,2,4,5,6,2,4,5,6;268435456:0:0,5,6,9,0,5,6,9,0,5,6,9,0,5,6,9,0,5,6,9,0,5,6,9,0,5,6,9,0,5,6,9,0,5,6,9;268435457:0:3,5,6,3,5,6,3,5,6,3,5,6,3,5,6,3,5,6,3,5,6,3,5,6,3,5,6
mixed_reverse	0	-100,0.0,-100,-90,1.0,-100,-100,2.0,-90/-100,0.0,100,-90,1.0,100,-100,2.0,110/100,0.0,100,110,1.0,100,100,2.0,110/100,0.0,-100,110,1.0,-100,100,2.0,-90/0,0.0,0,10,1.0,0,0,2.0,10/-10,0.0,-10,0,1.0,-10,-10,2.0,0/-8.0,1.0,-8.0,8.0,2.0,-8.0,8.0,3.0,8.0,-8.0,4.0,8.0/8192,0.0,8192,8202,1.0,8192,8192,2.0,8202/8193,0.0,0,8203,1.0,0,8193,2.0,10/-8193,0.0,-1,-8183,1.0,-1,-8193,2.0,9	9	0:0:9
mixed_reverse	0	-100,0.0,-100,-90,1.0,-100,-100,2.0,-90/-100,0.0,100,-90,1.0,100,-100,2.0,110/100,0.0,100,110,1.0,100,100,2.0,110/100,0.0,-100,110,1.0,-100,100,2.0,-90/0,0.0,0,10,1.0,0,0,2.0,10/-10,0.0,-10,0,1.0,-10,-10,2.0,0/-8.0,1.0,-8.0,8.0,2.0,-8.0,8.0,3.0,8.0,-8.0,4.0,8.0/8192,0.0,8192,8202,1.0,8192,8192,2.0,8202/8193,0.0,0,8203,1.0,0,8193,2.0,10/-8193,0.0,-1,-8183,1.0,-1,-8193,2.0,9	9,8,7,6,5,4,3,2,1,0,9,8,7,6,5,4,3,2,1,0,9,8,7,6,5,4,3,2,1,0,9,8,7,6,5,4,3,2,1,0,9,8,7,6,5,4,3,2	0:0:9,6,5,4,3,2,1,0,9,6,5,4,3,2,1,0,9,6,5,4,3,2,1,0,9,6,5,4,3,2,1,0,9,6,5,4,3,2
mixed_reverse	0	-100,0.0,-100,-90,1.0,-100,-100,2.0,-90/-100,0.0,100,-90,1.0,100,-100,2.0,110/100,0.0,100,110,1.0,100,100,2.0,110/100,0.0,-100,110,1.0,-100,100,2.0,-90/0,0.0,0,10,1.0,0,0,2.0,10/-10,0.0,-10,0,1.0,-10,-10,2.0,0/-8.0,1.0,-8.0,8.0,2.0,-8.0,8.0,3.0,8.0,-8.0,4.0,8.0/8192,0.0,8192,8202,1.0,8192,8192,2.0,8202/8193,0.0,0,8203,1.0,0,8193,2.0,10/-8193,0.0,-1,-8183,1.0,-1,-8193,2.0,9	9,8,7,6,5,4,3,2,1,0,9,8,7,6,5,4,3,2,1,0,9,8,7,6,5,4,3,2,1,0,9,8,7,6,5,4,3,2,1,0,9,8,7,6,5,4,3,2,1	0:0:9,6,5,4,3,2,1,0,9,6,5,4,3,2,1,0,9,6,5,4,3,2,1,0,9,6,5,4,3,2,1,0,9,6,5,4,3,2,1
mixed_reverse	0	-100,0.0,-100,-90,1.0,-100,-100,2.0,-90/-100,0.0,100,-90,1.0,100,-100,2.0,110/100,0.0,100,110,1.0,100,100,2.0,110/100,0.0,-100,110,1.0,-100,100,2.0,-90/0,0.0,0,10,1.0,0,0,2.0,10/-10,0.0,-10,0,1.0,-10,-10,2.0,0/-8.0,1.0,-8.0,8.0,2.0,-8.0,8.0,3.0,8.0,-8.0,4.0,8.0/8192,0.0,8192,8202,1.0,8192,8192,2.0,8202/8193,0.0,0,8203,1.0,0,8193,2.0,10/-8193,0.0,-1,-8183,1.0,-1,-8193,2.0,9	9,8,7,6,5,4,3,2,1,0,9,8,7,6,5,4,3,2,1,0,9,8,7,6,5,4,3,2,1,0,9,8,7,6,5,4,3,2,1,0,9,8,7,6,5,4,3,2,1,0	0:0:9,6,5,4,3,2,1,0,9,6,5,4,3,2,1,0,9,6,5,4,3,2,1,0,9,6,5,4,3,2,1,0,9,6,5,4,3,2,1,0
mixed_reverse	0	-100,0.0,-100,-90,1.0,-100,-100,2.0,-90/-100,0.0,100,-90,1.0,100,-100,2.0,110/100,0.0,100,110,1.0,100,100,2.0,110/100,0.0,-100,110,1.0,-100,100,2.0,-90/0,0.0,0,10,1.0,0,0,2.0,10/-10,0.0,-10,0,1.0,-10,-10,2.0,0/-8.0,1.0,-8.0,8.0,2.0,-8.0,8.0,3.0,8.0,-8.0,4.0,8.0/8192,0.0,8192,8202,1.0,8192,8192,2.0,8202/8193,0.0,0,8203,1.0,0,8193,2.0,10/-8193,0.0,-1,-8183,1.0,-1,-8193,2.0,9	9,8,7,6,5,4,3,2,1,0,9,8,7,6,5,4,3,2,1,0,9,8,7,6,5,4,3,2,1,0,9,8,7,6,5,4,3,2,1,0,9,8,7,6,5,4,3,2,1,0,9,8,7,6,5,4,3,2,1,0,9,8,7,6,5,4,3,2,1,0,9,8,7,6,5,4,3,2,1,0,9,8,7,6,5,4,3,2,1,0	0:15:-;268451840:0:9,6,5,1,9,6,5,1,9,6,5,1,9,6,5,1,9,6,5,1,9,6,5,1,9,6,5,1,9,6,5,1,9,6,5,1;268451841:0:6,5,4,2,6,5,4,2,6,5,4,2,6,5,4,2,6,5,4,2,6,5,4,2,6,5,4,2,6,5,4,2,6,5,4,2;268435456:0:9,6,5,0,9,6,5,0,9,6,5,0,9,6,5,0,9,6,5,0,9,6,5,0,9,6,5,0,9,6,5,0,9,6,5,0;268435457:0:6,5,3,6,5,3,6,5,3,6,5,3,6,5,3,6,5,3,6,5,3,6,5,3,6,5,3
random_forward	0	6120,0.0,-8067,6145,1.0,-8067,6120,2.0,-8042/-5410,0.0,-4314,-5396,1.0,-4314,-5410,2.0,-4300/-3920,0.0,-2265,-3903,1.0,-2265,-3920,2.0,-2248/-796,0.0,3323,-779,1.0,3323,-796,2.0,3340/-3115,0.0,5433,-3112,1.0,5433,-3115,2.0,5436/-483,0.0,1329,-478,1.0,1329,-483,2.0,1334/1054,0.0,269,1058,1.0,269,1054,2.0,273/-5677,0.0,4386,-5652,1.0,4386,-5677,2.0,4411/2413,0.0,7194,2427,1.0,7194,2413,2.0,7208/-2950,0.0,429,-2935,1.0,429,-2950,2.0,444/6757,0.0,-6310,6771,1.0,-6310,6757,2.0,-6296/-549,0.0,-3290,-537,1.0,-3290,-549,2.0,-3278/3853,0.0,7215,3859,1.0,7215,3853,2.0,7221/1902,0.0,-389,1919,1.0,-389,1902,2.0,-372/-1975,0.0,4468,-1969,1.0,4468,-1975,2.0,4474/-1346,0.0,6332,-1318,1.0,6332,-1346,2.0,6360/7282,0.0,1347,7302,1.0,1347,7282,2.0,1367/6433,0.0,7210,6443,1.0,7210,6433,2.0,7220/-6365,0.0,7064,-6357,1.0,7064,-6365,2.0,7072/-6437,0.0,1643,-6433,1.0,1643,-6437,2.0,1647/-3520,0.0,5215,-3519,1.0,5215,-3520,2.0,5216/-6566,0.0,4705,-6555,1.0,4705,-6566,2.0,4716/3231,0.0,377,3240,1.0,377,3231,2.0,386/-4565,0.0,-4625,-4560,1.0,-4625,-4565,2.0,-4620	0	0:0:0
random_forward	0	6120,0.0,-8067,6145,1.0,-8067,6120,2.0,-8042/-5410,0.0,-4314,-5396,1.0,-4314,-5410,2.0,-4300/-3920,0.0,-2265,-3903,1.0,-2265,-3920,2.0,-2248/-796,0.0,3323,-779,1.0,3323,-796,2.0,3340/-3115,0.0,5433,-3112,1.0,5433,-3115,2.0,5436/-483,0.0,1329,-478,1.0,1329,-483,2.0,1334/1054,0.0,269,1058,1.0,269,1054,2.0,273/-5677,0.0,4386,-5652,1.0,4386,-5677,2.0,4411/2413,0.0,7194,2427,1.0,7194,2413,2.0,7208/-2950,0.0,429,-2935,1.0,429,-2950,2.0,444/6757,0.0,-6310,6771,1.0,-6310,6757,2.0,-6296/-549,0.0,-3290,-537,1.0,-3290,-549,2.0,-3278/3853,0.0,7215,3859,1.0,7215,3853,2.0,7221/1902,0.0,-389,1919,1.0,-389,1902,2.0,-372/-1975,0.0,4468,-1969,1.0,4468,-1975,2.0,4474/-1346,0.0,6332,-1318,1.0,6332,-1346,2.0,6360/7282,0.0,1347,7302,1.0,1347,7282,2.0,1367/6433,0.0,7210,6443,1.0,7210,6433,2.0,7220/-6365,0.0,7064,-6357,1.0,7064,-6365,2.0,7072/-6437,0.0,1643,-6433,1.0,1643,-6437,2.0,1647/-3520,0.0,5215,-3519,1.0,5215,-3520,2.0,5216/-6566,0.0,4705,-6555,1.0,4705,-6566,2.0,4716/3231,0.0,377,3240,1.0,377,3231,2.0,386/-4565,0.0,-4625,-4560,1.0,-4625,-4565,2.0,-4620	0,1,2,3,4,5,6,7,8,9,10,11,12,13,14,15,16,17,18,19,20,21,22,23,0,1,2,3,4,5,6,7,8,9,10,11,12,13,14,15,16,17,18,19,20,21,22,23	0:0:0,1,2,3,4,5,6,7,8,9,10,11,12,13,14,15,16,17,18,19,20,21,22,23,0,1,2,3,4,5,6,7,8,9,10,11,12,13,14,15,16,17,18,19,20,21,22,23
random_forward	0	6120,0.0,-8067,6145,1.0,-8067,6120,2.0,-8042/-5410,0.0,-4314,-5396,1.0,-4314,-5410,2.0,-4300/-3920,0.0,-2265,-3903,1.0,-2265,-3920,2.0,-2248/-796,0.0,3323,-779,1.0,3323,-796,2.0,3340/-3115,0.0,5433,-3112,1.0,5433,-3115,2.0,5436/-483,0.0,1329,-478,1.0,1329,-483,2.0,1334/1054,0.0,269,1058,1.0,269,1054,2.0,273/-5677,0.0,4386,-5652,1.0,4386,-5677,2.0,4411/2413,0.0,7194,2427,1.0,7194,2413,2.0,7208/-2950,0.0,429,-2935,1.0,429,-2950,2.0,444/6757,0.0,-6310,6771,1.0,-6310,6757,2.0,-6296/-549,0.0,-3290,-537,1.0,-3290,-549,2.0,-3278/3853,0.0,7215,3859,1.0,7215,3853,2.0,7221/1902,0.0,-389,1919,1.0,-389,1902,2.0,-372/-1975,0.0,4468,-1969,1.0,4468,-1975,2.0,4474/-1346,0.0,6332,-1318,1.0,6332,-1346,2.0,6360/7282,0.0,1347,7302,1.0,1347,7282,2.0,1367/6433,0.0,7210,6443,1.0,7210,6433,2.0,7220/-6365,0.0,7064,-6357,1.0,7064,-6365,2.0,7072/-6437,0.0,1643,-6433,1.0,1643,-6437,2.0,1647/-3520,0.0,5215,-3519,1.0,5215,-3520,2.0,5216/-6566,0.0,4705,-6555,1.0,4705,-6566,2.0,4716/3231,0.0,377,3240,1.0,377,3231,2.0,386/-4565,0.0,-4625,-4560,1.0,-4625,-4565,2.0,-4620	0,1,2,3,4,5,6,7,8,9,10,11,12,13,14,15,16,17,18,19,20,21,22,23,0,1,2,3,4,5,6,7,8,9,10,11,12,13,14,15,16,17,18,19,20,21,22,23,0	0:15:-;268451840:0:3,4,5,7,9,14,15,18,19,20,21,3,4,5,7,9,14,15,18,19,20,21;268451841:0:6,8,12,16,17,22,6,8,12,16,17,22;268435456:0:1,2,11,23,1,2,11,23;268435457:0:0,10,13,0,10,13,0
random_forward	0	6120,0.0,-8067,6145,1.0,-8067,6120,2.0,-8042/-5410,0.0,-4314,-5396,1.0,-4314,-5410,2.0,-4300/-3920,0.0,-2265,-3903,1.0,-2265,-3920,2.0,-2248/-796,0.0,3323,-779,1.0,3323,-796,2.0,3340/-3115,0.0,5433,-3112,1.0,5433,-3115,2.0,5436/-483,0.0,1329,-478,1.0,1329,-483,2.0,1334/1054,0.0,269,1058,1.0,269,1054,2.0,273/-5677,0.0,4386,-5652,1.0,4386,-5677,2.0,4411/2413,0.0,7194,2427,1.0,7194,2413,2.0,7208/-2950,0.0,429,-2935,1.0,429,-2950,2.0,444/6757,0.0,-6310,6771,1.0,-6310,6757,2.0,-6296/-549,0.0,-3290,-537,1.0,-3290,-549,2.0,-3278/3853,0.0,7215,3859,1.0,7215,3853,2.0,7221/1902,0.0,-389,1919,1.0,-389,1902,2.0,-372/-1975,0.0,4468,-1969,1.0,4468,-1975,2.0,4474/-1346,0.0,6332,-1318,1.0,6332,-1346,2.0,6360/7282,0.0,1347,7302,1.0,1347,7282,2.0,1367/6433,0.0,7210,6443,1.0,7210,6433,2.0,7220/-6365,0.0,7064,-6357,1.0,7064,-6365,2.0,7072/-6437,0.0,1643,-6433,1.0,1643,-6437,2.0,1647/-3520,0.0,5215,-3519,1.0,5215,-3520,2.0,5216/-6566,0.0,4705,-6555,1.0,4705,-6566,2.0,4716/3231,0.0,377,3240,1.0,377,3231,2.0,386/-4565,0.0,-4625,-4560,1.0,-4625,-4565,2.0,-4620	0,1,2,3,4,5,6,7,8,9,10,11,12,13,14,15,16,17,18,19,20,21,22,23,0,1,2,3,4,5,6,7,8,9,10,11,12,13,14,15,16,17,18,19,20,21,22,23,0,1	0:15:-;268451840:0:3,4,5,7,9,14,15,18,19,20,21,3,4,5,7,9,14,15,18,19,20,21;268451841:0:6,8,12,16,17,22,6,8,12,16,17,22;268435456:0:1,2,11,23,1,2,11,23,1;268435457:0:0,10,13,0,10,13,0
random_forward	0	6120,0.0,-8067,6145,1.0,-8067,6120,2.0,-8042/-5410,0.0,-4314,-5396,1.0,-4314,-5410,2.0,-4300/-3920,0.0,-2265,-3903,1.0,-2265,-3920,2.0,-2248/-796,0.0,3323,-779,1.0,3323,-796,2.0,3340/-3115,0.0,5433,-3112,1.0,5433,-3115,2.0,5436/-483,0.0,1329,-478,1.0,1329,-483,2.0,1334/1054,0.0,269,1058,1.0,269,1054,2.0,273/-5677,0.0,4386,-5652,1.0,4386,-5677,2.0,4411/2413,0.0,7194,2427,1.0,7194,2413,2.0,7208/-2950,0.0,429,-2935,1.0,429,-2950,2.0,444/6757,0.0,-6310,6771,1.0,-6310,6757,2.0,-6296/-549,0.0,-3290,-537,1.0,-3290,-549,2.0,-3278/3853,0.0,7215,3859,1.0,7215,3853,2.0,7221/1902,0.0,-389,1919,1.0,-389,1902,2.0,-372/-1975,0.0,4468,-1969,1.0,4468,-1975,2.0,4474/-1346,0.0,6332,-1318,1.0,6332,-1346,2.0,6360/7282,0.0,1347,7302,1.0,1347,7282,2.0,1367/6433,0.0,7210,6443,1.0,7210,6433,2.0,7220/-6365,0.0,7064,-6357,1.0,7064,-6365,2.0,7072/-6437,0.0,1643,-6433,1.0,1643,-6437,2.0,1647/-3520,0.0,5215,-3519,1.0,5215,-3520,2.0,5216/-6566,0.0,4705,-6555,1.0,4705,-6566,2.0,4716/3231,0.0,377,3240,1.0,377,3231,2.0,386/-4565,0.0,-4625,-4560,1.0,-4625,-4565,2.0,-4620	0,1,2,3,4,5,6,7,8,9,10,11,12,13,14,15,16,17,18,19,20,21,22,23,0,1,2,3,4,5,6,7,8,9,10,11,12,13,14,15,16,17,18,19,20,21,22,23,0,1,2,3,4,5,6,7,8,9,10,11,12,13,14,15,16,17,18,19,20,21,22,23,0,1,2,3,4,5,6,7	0:15:-;268451840:0:3,4,5,7,9,14,15,18,19,20,21,3,4,5,7,9,14,15,18,19,20,21,3,4,5,7,9,14,15,18,19,20,21,3,4,5,7;268451841:0:6,8,12,16,17,22,6,8,12,16,17,22,6,8,12,16,17,22,6;268435456:0:1,2,11,23,1,2,11,23,1,2,11,23,1,2;268435457:0:0,10,13,0,10,13,0,10,13,0
random_reverse	0	6120,0.0,-8067,6145,1.0,-8067,6120,2.0,-8042/-5410,0.0,-4314,-5396,1.0,-4314,-5410,2.0,-4300/-3920,0.0,-2265,-3903,1.0,-2265,-3920,2.0,-2248/-796,0.0,3323,-779,1.0,3323,-796,2.0,3340/-3115,0.0,5433,-3112,1.0,5433,-3115,2.0,5436/-483,0.0,1329,-478,1.0,1329,-483,2.0,1334/1054,0.0,269,1058,1.0,269,1054,2.0,273/-5677,0.0,4386,-5652,1.0,4386,-5677,2.0,4411/2413,0.0,7194,2427,1.0,7194,2413,2.0,7208/-2950,0.0,429,-2935,1.0,429,-2950,2.0,444/6757,0.0,-6310,6771,1.0,-6310,6757,2.0,-6296/-549,0.0,-3290,-537,1.0,-3290,-549,2.0,-3278/3853,0.0,7215,3859,1.0,7215,3853,2.0,7221/1902,0.0,-389,1919,1.0,-389,1902,2.0,-372/-1975,0.0,4468,-1969,1.0,4468,-1975,2.0,4474/-1346,0.0,6332,-1318,1.0,6332,-1346,2.0,6360/7282,0.0,1347,7302,1.0,1347,7282,2.0,1367/6433,0.0,7210,6443,1.0,7210,6433,2.0,7220/-6365,0.0,7064,-6357,1.0,7064,-6365,2.0,7072/-6437,0.0,1643,-6433,1.0,1643,-6437,2.0,1647/-3520,0.0,5215,-3519,1.0,5215,-3520,2.0,5216/-6566,0.0,4705,-6555,1.0,4705,-6566,2.0,4716/3231,0.0,377,3240,1.0,377,3231,2.0,386/-4565,0.0,-4625,-4560,1.0,-4625,-4565,2.0,-4620	7	0:0:7
random_reverse	0	6120,0.0,-8067,6145,1.0,-8067,6120,2.0,-8042/-5410,0.0,-4314,-5396,1.0,-4314,-5410,2.0,-4300/-3920,0.0,-2265,-3903,1.0,-2265,-3920,2.0,-2248/-796,0.0,3323,-779,1.0,3323,-796,2.0,3340/-3115,0.0,5433,-3112,1.0,5433,-3115,2.0,5436/-483,0.0,1329,-478,1.0,1329,-483,2.0,1334/1054,0.0,269,1058,1.0,269,1054,2.0,273/-5677,0.0,4386,-5652,1.0,4386,-5677,2.0,4411/2413,0.0,7194,2427,1.0,7194,2413,2.0,7208/-2950,0.0,429,-2935,1.0,429,-2950,2.0,444/6757,0.0,-6310,6771,1.0,-6310,6757,2.0,-6296/-549,0.0,-3290,-537,1.0,-3290,-549,2.0,-3278/3853,0.0,7215,3859,1.0,7215,3853,2.0,7221/1902,0.0,-389,1919,1.0,-389,1902,2.0,-372/-1975,0.0,4468,-1969,1.0,4468,-1975,2.0,4474/-1346,0.0,6332,-1318,1.0,6332,-1346,2.0,6360/7282,0.0,1347,7302,1.0,1347,7282,2.0,1367/6433,0.0,7210,6443,1.0,7210,6433,2.0,7220/-6365,0.0,7064,-6357,1.0,7064,-6365,2.0,7072/-6437,0.0,1643,-6433,1.0,1643,-6437,2.0,1647/-3520,0.0,5215,-3519,1.0,5215,-3520,2.0,5216/-6566,0.0,4705,-6555,1.0,4705,-6566,2.0,4716/3231,0.0,377,3240,1.0,377,3231,2.0,386/-4565,0.0,-4625,-4560,1.0,-4625,-4565,2.0,-4620	7,6,5,4,3,2,1,0,23,22,21,20,19,18,17,16,15,14,13,12,11,10,9,8,7,6,5,4,3,2,1,0,23,22,21,20,19,18,17,16,15,14,13,12,11,10,9,8	0:0:7,6,5,4,3,2,1,0,23,22,21,20,19,18,17,16,15,14,13,12,11,10,9,8,7,6,5,4,3,2,1,0,23,22,21,20,19,18,17,16,15,14,13,12,11,10,9,8
random_reverse	0	6120,0.0,-8067,6145,1.0,-8067,6120,2.0,-8042/-5410,0.0,-4314,-5396,1.0,-4314,-5410,2.0,-4300/-3920,0.0,-2265,-3903,1.0,-2265,-3920,2.0,-2248/-796,0.0,3323,-779,1.0,3323,-796,2.0,3340/-3115,0.0,5433,-3112,1.0,5433,-3115,2.0,5436/-483,0.0,1329,-478,1.0,1329,-483,2.0,1334/1054,0.0,269,1058,1.0,269,1054,2.0,273/-5677,0.0,4386,-5652,1.0,4386,-5677,2.0,4411/2413,0.0,7194,2427,1.0,7194,2413,2.0,7208/-2950,0.0,429,-2935,1.0,429,-2950,2.0,444/6757,0.0,-6310,6771,1.0,-6310,6757,2.0,-6296/-549,0.0,-3290,-537,1.0,-3290,-549,2.0,-3278/3853,0.0,7215,3859,1.0,7215,3853,2.0,7221/1902,0.0,-389,1919,1.0,-389,1902,2.0,-372/-1975,0.0,4468,-1969,1.0,4468,-1975,2.0,4474/-1346,0.0,6332,-1318,1.0,6332,-1346,2.0,6360/7282,0.0,1347,7302,1.0,1347,7282,2.0,1367/6433,0.0,7210,6443,1.0,7210,6433,2.0,7220/-6365,0.0,7064,-6357,1.0,7064,-6365,2.0,7072/-6437,0.0,1643,-6433,1.0,1643,-6437,2.0,1647/-3520,0.0,5215,-3519,1.0,5215,-3520,2.0,5216/-6566,0.0,4705,-6555,1.0,4705,-6566,2.0,4716/3231,0.0,377,3240,1.0,377,3231,2.0,386/-4565,0.0,-4625,-4560,1.0,-4625,-4565,2.0,-4620	7,6,5,4,3,2,1,0,23,22,21,20,19,18,17,16,15,14,13,12,11,10,9,8,7,6,5,4,3,2,1,0,23,22,21,20,19,18,17,16,15,14,13,12,11,10,9,8,7	0:15:-;268451840:0:7,5,4,3,21,20,19,18,15,14,9,7,5,4,3,21,20,19,18,15,14,9,7;268451841:0:6,22,17,16,12,8,6,22,17,16,12,8;268435456:0:2,1,23,11,2,1,23,11;268435457:0:0,13,10,0,13,10
random_reverse	0	6120,0.0,-8067,6145,1.0,-8067,6120,2.0,-8042/-5410,0.0,-4314,-5396,1.0,-4314,-5410,2.0,-4300/-3920,0.0,-2265,-3903,1.0,-2265,-3920,2.0,-2248/-796,0.0,3323,-779,1.0,3323,-796,2.0,3340/-3115,0.0,5433,-3112,1.0,5433,-3115,2.0,5436/-483,0.0,1329,-478,1.0,1329,-483,2.0,1334/1054,0.0,269,1058,1.0,269,1054,2.0,273/-5677,0.0,4386,-5652,1.0,4386,-5677,2.0,4411/2413,0.0,7194,2427,1.0,7194,2413,2.0,7208/-2950,0.0,429,-2935,1.0,429,-2950,2.0,444/6757,0.0,-6310,6771,1.0,-6310,6757,2.0,-6296/-549,0.0,-3290,-537,1.0,-3290,-549,2.0,-3278/3853,0.0,7215,3859,1.0,7215,3853,2.0,7221/1902,0.0,-389,1919,1.0,-389,1902,2.0,-372/-1975,0.0,4468,-1969,1.0,4468,-1975,2.0,4474/-1346,0.0,6332,-1318,1.0,6332,-1346,2.0,6360/7282,0.0,1347,7302,1.0,1347,7282,2.0,1367/6433,0.0,7210,6443,1.0,7210,6433,2.0,7220/-6365,0.0,7064,-6357,1.0,7064,-6365,2.0,7072/-6437,0.0,1643,-6433,1.0,1643,-6437,2.0,1647/-3520,0.0,5215,-3519,1.0,5215,-3520,2.0,5216/-6566,0.0,4705,-6555,1.0,4705,-6566,2.0,4716/3231,0.0,377,3240,1.0,377,3231,2.0,386/-4565,0.0,-4625,-4560,1.0,-4625,-4565,2.0,-4620	7,6,5,4,3,2,1,0,23,22,21,20,19,18,17,16,15,14,13,12,11,10,9,8,7,6,5,4,3,2,1,0,23,22,21,20,19,18,17,16,15,14,13,12,11,10,9,8,7,6	0:15:-;268451840:0:7,5,4,3,21,20,19,18,15,14,9,7,5,4,3,21,20,19,18,15,14,9,7;268451841:0:6,22,17,16,12,8,6,22,17,16,12,8,6;268435456:0:2,1,23,11,2,1,23,11;268435457:0:0,13,10,0,13,10
random_reverse	0	6120,0.0,-8067,6145,1.0,-8067,6120,2.0,-8042/-5410,0.0,-4314,-5396,1.0,-4314,-5410,2.0,-4300/-3920,0.0,-2265,-3903,1.0,-2265,-3920,2.0,-2248/-796,0.0,3323,-779,1.0,3323,-796,2.0,3340/-3115,0.0,5433,-3112,1.0,5433,-3115,2.0,5436/-483,0.0,1329,-478,1.0,1329,-483,2.0,1334/1054,0.0,269,1058,1.0,269,1054,2.0,273/-5677,0.0,4386,-5652,1.0,4386,-5677,2.0,4411/2413,0.0,7194,2427,1.0,7194,2413,2.0,7208/-2950,0.0,429,-2935,1.0,429,-2950,2.0,444/6757,0.0,-6310,6771,1.0,-6310,6757,2.0,-6296/-549,0.0,-3290,-537,1.0,-3290,-549,2.0,-3278/3853,0.0,7215,3859,1.0,7215,3853,2.0,7221/1902,0.0,-389,1919,1.0,-389,1902,2.0,-372/-1975,0.0,4468,-1969,1.0,4468,-1975,2.0,4474/-1346,0.0,6332,-1318,1.0,6332,-1346,2.0,6360/7282,0.0,1347,7302,1.0,1347,7282,2.0,1367/6433,0.0,7210,6443,1.0,7210,6433,2.0,7220/-6365,0.0,7064,-6357,1.0,7064,-6365,2.0,7072/-6437,0.0,1643,-6433,1.0,1643,-6437,2.0,1647/-3520,0.0,5215,-3519,1.0,5215,-3520,2.0,5216/-6566,0.0,4705,-6555,1.0,4705,-6566,2.0,4716/3231,0.0,377,3240,1.0,377,3231,2.0,386/-4565,0.0,-4625,-4560,1.0,-4625,-4565,2.0,-4620	7,6,5,4,3,2,1,0,23,22,21,20,19,18,17,16,15,14,13,12,11,10,9,8,7,6,5,4,3,2,1,0,23,22,21,20,19,18,17,16,15,14,13,12,11,10,9,8,7,6,5,4,3,2,1,0,23,22,21,20,19,18,17,16,15,14,13,12,11,10,9,8,7,6,5,4,3,2,1,0	0:15:-;268451840:0:7,5,4,3,21,20,19,18,15,14,9,7,5,4,3,21,20,19,18,15,14,9,7,5,4,3,21,20,19,18,15,14,9,7,5,4,3;268451841:0:6,22,17,16,12,8,6,22,17,16,12,8,6,22,17,16,12,8,6;268435456:0:2,1,23,11,2,1,23,11,2,1,23,11,2,1;268435457:0:0,13,10,0,13,10,0,13,10,0
edge_touch	0	-1,0.0,-1,0,1.0,-1,-1,2.0,0/0,0.0,-1,1,1.0,-1,0,2.0,0/-1,0.0,0,0,1.0,0,-1,2.0,1/0,0.0,0,1,1.0,0,0,2.0,1	0	0:0:0
edge_touch	0	-1,0.0,-1,0,1.0,-1,-1,2.0,0/0,0.0,-1,1,1.0,-1,0,2.0,0/-1,0.0,0,0,1.0,0,-1,2.0,1/0,0.0,0,1,1.0,0,0,2.0,1	0,1,2,3,0,1,2,3,0,1,2,3,0,1,2,3,0,1,2,3,0,1,2,3,0,1,2,3,0,1,2,3,0,1,2,3,0,1,2,3,0,1,2,3,0,1,2,3	0:0:0,1,2,3,0,1,2,3,0,1,2,3,0,1,2,3,0,1,2,3,0,1,2,3,0,1,2,3,0,1,2,3,0,1,2,3,0,1,2,3,0,1,2,3,0,1,2,3
edge_touch	0	-1,0.0,-1,0,1.0,-1,-1,2.0,0/0,0.0,-1,1,1.0,-1,0,2.0,0/-1,0.0,0,0,1.0,0,-1,2.0,1/0,0.0,0,1,1.0,0,0,2.0,1	0,1,2,3,0,1,2,3,0,1,2,3,0,1,2,3,0,1,2,3,0,1,2,3,0,1,2,3,0,1,2,3,0,1,2,3,0,1,2,3,0,1,2,3,0,1,2,3,0	0:15:-;268451840:0:0,2,0,2,0,2,0,2,0,2,0,2,0,2,0,2,0,2,0,2,0,2,0,2,0;268451841:4:-;536903682:4:-;805371908:4:-;1073872904:4:-;1342439440:4:-;1611137056:4:-;1880096832:4:-;2149580928:4:-;2420113664:4:-;2692743680:4:-;2969568256:4:-;3254781952:0:0,1,2,3,0,1,2,3,0,1,2,3,0,1,2,3,0,1,2,3,0,1,2,3,0,1,2,3,0,1,2,3,0,1,2,3,0,1,2,3,0,1,2,3,0,1,2,3,0;268435456:0:0,0,0,0,0,0,0,0,0,0,0,0,0;268435457:0:0,1,0,1,0,1,0,1,0,1,0,1,0,1,0,1,0,1,0,1,0,1,0,1,0
edge_touch	0	-1,0.0,-1,0,1.0,-1,-1,2.0,0/0,0.0,-1,1,1.0,-1,0,2.0,0/-1,0.0,0,0,1.0,0,-1,2.0,1/0,0.0,0,1,1.0,0,0,2.0,1	0,1,2,3,0,1,2,3,0,1,2,3,0,1,2,3,0,1,2,3,0,1,2,3,0,1,2,3,0,1,2,3,0,1,2,3,0,1,2,3,0,1,2,3,0,1,2,3,0,1	0:15:-;268451840:0:0,2,0,2,0,2,0,2,0,2,0,2,0,2,0,2,0,2,0,2,0,2,0,2,0;268451841:4:-;536903682:4:-;805371908:4:-;1073872904:4:-;1342439440:4:-;1611137056:4:-;1880096832:4:-;2149580928:4:-;2420113664:4:-;2692743680:4:-;2969568256:4:-;3254781952:0:0,1,2,3,0,1,2,3,0,1,2,3,0,1,2,3,0,1,2,3,0,1,2,3,0,1,2,3,0,1,2,3,0,1,2,3,0,1,2,3,0,1,2,3,0,1,2,3,0,1;268435456:0:0,0,0,0,0,0,0,0,0,0,0,0,0;268435457:0:0,1,0,1,0,1,0,1,0,1,0,1,0,1,0,1,0,1,0,1,0,1,0,1,0,1
edge_touch	0	-1,0.0,-1,0,1.0,-1,-1,2.0,0/0,0.0,-1,1,1.0,-1,0,2.0,0/-1,0.0,0,0,1.0,0,-1,2.0,1/0,0.0,0,1,1.0,0,0,2.0,1	0,1,2,3,0,1,2,3,0,1,2,3,0,1,2,3,0,1,2,3,0,1,2,3,0,1,2,3,0,1,2,3,0,1,2,3,0,1,2,3,0,1,2,3,0,1,2,3,0,1,2,3,0,1,2,3,0,1,2,3,0,1,2,3,0	0:15:-;268451840:0:0,2,0,2,0,2,0,2,0,2,0,2,0,2,0,2,0,2,0,2,0,2,0,2,0,2,0,2,0,2,0,2,0;268451841:4:-;536903682:4:-;805371908:4:-;1073872904:4:-;1342439440:4:-;1611137056:4:-;1880096832:4:-;2149580928:4:-;2420113664:4:-;2692743680:4:-;2969568256:4:-;3254781952:0:0,1,2,3,0,1,2,3,0,1,2,3,0,1,2,3,0,1,2,3,0,1,2,3,0,1,2,3,0,1,2,3,0,1,2,3,0,1,2,3,0,1,2,3,0,1,2,3,0,1,2,3,0,1,2,3,0,1,2,3,0,1,2,3,0;268435456:0:0,0,0,0,0,0,0,0,0,0,0,0,0,0,0,0,0;268435457:0:0,1,0,1,0,1,0,1,0,1,0,1,0,1,0,1,0,1,0,1,0,1,0,1,0,1,0,1,0,1,0,1,0
