name	point	selected	leaf	previous_cache
leaf	0.0,0.0,0.0	0	0	-
leaf	0.25,0.0,0.25	0	0	0
leaf	-0.25,0.0,-0.25	-	0	0
leaf	5.0,99.0,5.0	0	0	0
leaf	100.0,0.0,100.0	-	0	0
leaf	-100.0,0.0,-100.0	-	0	0
leaf	8192.0,0.0,8192.0	-	0	0
leaf	8200.0,0.0,0.0	-	0	0
leaf	0.0,0.0,0.0	0	0	0
deep_split	0.0,0.0,0.0	0	3254781952	-
deep_split	0.25,0.0,0.25	0	3254781952	3254781952
deep_split	-0.25,0.0,-0.25	-	0	3254781952
deep_split	5.0,99.0,5.0	0	3254798337	0
deep_split	100.0,0.0,100.0	-	0	3254798337
deep_split	-100.0,0.0,-100.0	-	0	0
deep_split	8192.0,0.0,8192.0	-	0	0
deep_split	8200.0,0.0,0.0	-	0	0
deep_split	0.0,0.0,0.0	0	3254781952	0
terminal_growth	0.0,0.0,0.0	0	3254781952	-
terminal_growth	0.25,0.0,0.25	0	3254781952	3254781952
terminal_growth	-0.25,0.0,-0.25	-	3254781952	3254781952
terminal_growth	5.0,99.0,5.0	-	3254781952	3254781952
terminal_growth	100.0,0.0,100.0	-	3254781952	3254781952
terminal_growth	-100.0,0.0,-100.0	-	3254781952	3254781952
terminal_growth	8192.0,0.0,8192.0	-	3254781952	3254781952
terminal_growth	8200.0,0.0,0.0	-	3254781952	3254781952
terminal_growth	0.0,0.0,0.0	0	3254781952	3254781952
mixed_forward	0.0,0.0,0.0	4	268451841	-
mixed_forward	0.25,0.0,0.25	4	268451841	268451841
mixed_forward	-0.25,0.0,-0.25	6	268435456	268451841
mixed_forward	5.0,99.0,5.0	6	268451841	268435456
mixed_forward	100.0,0.0,100.0	2	268451841	268451841
mixed_forward	-100.0,0.0,-100.0	0	268435456	268451841
mixed_forward	8192.0,0.0,8192.0	-	268451841	268435456
mixed_forward	8200.0,0.0,0.0	-	268451841	268451841
mixed_forward	0.0,0.0,0.0	4	268451841	268451841
mixed_reverse	0.0,0.0,0.0	4	268451841	-
mixed_reverse	0.25,0.0,0.25	4	268451841	268451841
mixed_reverse	-0.25,0.0,-0.25	6	268435456	268451841
mixed_reverse	5.0,99.0,5.0	6	268451841	268435456
mixed_reverse	100.0,0.0,100.0	2	268451841	268451841
mixed_reverse	-100.0,0.0,-100.0	0	268435456	268451841
mixed_reverse	8192.0,0.0,8192.0	-	268451841	268435456
mixed_reverse	8200.0,0.0,0.0	-	268451841	268451841
mixed_reverse	0.0,0.0,0.0	4	268451841	268451841
random_forward	0.0,0.0,0.0	-	268451841	-
random_forward	0.25,0.0,0.25	-	268451841	268451841
random_forward	-0.25,0.0,-0.25	-	268435456	268451841
random_forward	5.0,99.0,5.0	-	268451841	268435456
random_forward	100.0,0.0,100.0	-	268451841	268451841
random_forward	-100.0,0.0,-100.0	-	268435456	268451841
random_forward	8192.0,0.0,8192.0	-	268451841	268435456
random_forward	8200.0,0.0,0.0	-	268451841	268451841
random_forward	0.0,0.0,0.0	-	268451841	268451841
random_reverse	0.0,0.0,0.0	-	268451841	-
random_reverse	0.25,0.0,0.25	-	268451841	268451841
random_reverse	-0.25,0.0,-0.25	-	268435456	268451841
random_reverse	5.0,99.0,5.0	-	268451841	268435456
random_reverse	100.0,0.0,100.0	-	268451841	268451841
random_reverse	-100.0,0.0,-100.0	-	268435456	268451841
random_reverse	8192.0,0.0,8192.0	-	268451841	268435456
random_reverse	8200.0,0.0,0.0	-	268451841	268451841
random_reverse	0.0,0.0,0.0	-	268451841	268451841
edge_touch	0.0,0.0,0.0	1	3254781952	-
edge_touch	0.25,0.0,0.25	3	3254781952	3254781952
edge_touch	-0.25,0.0,-0.25	-	268435456	3254781952
edge_touch	5.0,99.0,5.0	-	0	268435456
edge_touch	100.0,0.0,100.0	-	0	0
edge_touch	-100.0,0.0,-100.0	-	268435456	0
edge_touch	8192.0,0.0,8192.0	-	0	268435456
edge_touch	8200.0,0.0,0.0	-	0	0
edge_touch	0.0,0.0,0.0	1	3254781952	0
