path	material_count	table_size	occupied	effective_histogram
GameData/Track/alps.crp	204	204	204	0:150,1:1,3:1,5:1,8:2,9:9,16:7,48:4,96:6,49152:4,49153:17,49154:2
GameData/Track/autobahn.crp	202	202	202	0:136,2:1,3:1,16:9,80:2,96:12,49152:12,49153:29
GameData/Track/canyon.crp	157	157	157	0:109,2:2,3:5,5:2,16:5,32:2,48:2,96:12,49152:5,49153:8,49157:2,49159:3
GameData/Track/castle.crp	327	327	327	0:222,2:4,3:5,16:4,96:51,49152:5,49153:21,49156:15
GameData/Track/coastal.crp	218	218	218	0:171,1:1,2:2,3:3,16:8,32:4,96:4,49152:13,49153:6,49156:4,49159:2
GameData/Track/farmland.crp	245	245	245	0:162,3:3,5:7,16:11,32:11,80:6,96:11,49152:2,49153:26,49156:4,49157:1,49159:1
GameData/Track/foothills.crp	204	204	204	0:154,1:1,2:3,3:6,5:3,16:1,32:3,80:3,96:4,49152:4,49153:14,49154:6,49156:1,49157:1
GameData/Track/forest.crp	230	230	230	0:169,2:1,3:7,5:10,16:5,32:15,80:1,96:3,49152:2,49153:12,49154:1,49156:1,49159:3
GameData/Track/industrial.crp	300	300	300	0:214,1:1,16:26,32:3,96:4,49152:12,49153:36,49156:3,49159:1
GameData/Track/monaco1.crp	305	305	305	0:276,16:3,32:1,96:2,49152:5,49153:14,49156:4
GameData/Track/monaco2.crp	304	304	304	0:275,16:4,32:1,96:2,49152:5,49153:13,49156:4
GameData/Track/monaco3.crp	264	264	264	0:233,16:5,32:1,96:2,49152:6,49153:14,49156:3
GameData/Track/monaco4.crp	309	309	309	0:278,16:5,32:1,96:2,49152:7,49153:12,49156:4
GameData/Track/monaco5.crp	275	275	275	0:247,16:4,32:1,96:2,49152:7,49153:11,49156:3
GameData/Track/skidpad.crp	107	107	107	0:91,2:2,3:1,16:9,96:2,49153:2
