flags	index	relative	caller_flag	original_flags	polygon_word	alternate
0	0	0	0	0	0	0
0	0	0	1	0	0	1
0	0	1	0	0	0	0
0	0	1	1	0	0	1
0	17	0	0	0	0	0
0	17	0	1	0	0	1
0	17	1	0	0	0	0
0	17	1	1	0	0	1
1	0	0	0	1	1	0
1	0	0	1	1	1	0
1	0	1	0	1	1	0
1	0	1	1	1	1	0
1	17	0	0	1	1	0
1	17	0	1	1	1	0
1	17	1	0	1	1	0
1	17	1	1	1	1	0
2	0	0	0	2	2	0
2	0	0	1	2	2	0
2	0	1	0	2	2	0
2	0	1	1	2	2	0
2	17	0	0	2	2	0
2	17	0	1	2	2	0
2	17	1	0	2	2	0
2	17	1	1	2	2	0
3	0	0	0	3	3	0
3	0	0	1	3	3	0
3	0	1	0	3	3	0
3	0	1	1	3	3	0
3	17	0	0	3	3	0
3	17	0	1	3	3	0
3	17	1	0	3	3	0
3	17	1	1	3	3	0
5	0	0	0	5	5	0
5	0	0	1	5	5	0
5	0	1	0	5	5	0
5	0	1	1	5	5	0
5	17	0	0	5	5	0
5	17	0	1	5	5	0
5	17	1	0	5	5	0
5	17	1	1	5	5	0
8	0	0	0	8	8	0
8	0	0	1	8	8	0
8	0	1	0	8	8	0
8	0	1	1	8	8	0
8	17	0	0	8	8	0
8	17	0	1	8	8	0
8	17	1	0	8	8	0
8	17	1	1	8	8	0
9	0	0	0	9	9	0
9	0	0	1	9	9	0
9	0	1	0	9	9	0
9	0	1	1	9	9	0
9	17	0	0	9	9	0
9	17	0	1	9	9	0
9	17	1	0	9	9	0
9	17	1	1	9	9	0
15	0	0	0	15	15	0
15	0	0	1	15	15	0
15	0	1	0	15	15	0
15	0	1	1	15	15	0
15	17	0	0	15	15	0
15	17	0	1	15	15	0
15	17	1	0	15	15	0
15	17	1	1	15	15	0
16	0	0	0	16	16	0
16	0	0	1	16	16	1
16	0	1	0	16	16	0
16	0	1	1	16	16	1
16	17	0	0	16	16	0
16	17	0	1	16	16	1
16	17	1	0	16	16	0
16	17	1	1	16	16	1
32	0	0	0	32	32	0
32	0	0	1	32	32	1
32	0	1	0	32	32	0
32	0	1	1	32	32	1
32	17	0	0	32	32	0
32	17	0	1	32	32	1
32	17	1	0	32	32	0
32	17	1	1	32	32	1
48	0	0	0	48	48	0
48	0	0	1	48	48	1
48	0	1	0	48	48	0
48	0	1	1	48	48	1
48	17	0	0	48	48	0
48	17	0	1	48	48	1
48	17	1	0	48	48	0
48	17	1	1	48	48	1
64	0	0	0	64	64	0
64	0	0	1	64	64	1
64	0	1	0	64	64	0
64	0	1	1	64	64	1
64	17	0	0	64	64	0
64	17	0	1	64	64	1
64	17	1	0	64	64	0
64	17	1	1	64	64	1
80	0	0	0	80	80	0
80	0	0	1	80	80	1
80	0	1	0	80	80	0
80	0	1	1	80	80	1
80	17	0	0	80	80	0
80	17	0	1	80	80	1
80	17	1	0	80	80	0
80	17	1	1	80	80	1
96	0	0	0	96	96	0
96	0	0	1	96	96	1
96	0	1	0	96	96	0
96	0	1	1	96	96	1
96	17	0	0	96	96	0
96	17	0	1	96	96	1
96	17	1	0	96	96	0
96	17	1	1	96	96	1
128	0	0	0	128	128	0
128	0	0	1	128	128	1
128	0	1	0	128	128	0
128	0	1	1	128	128	1
128	17	0	0	128	128	0
128	17	0	1	128	128	1
128	17	1	0	128	128	0
128	17	1	1	128	128	1
255	0	0	0	255	255	0
255	0	0	1	255	255	0
255	0	1	0	255	255	0
255	0	1	1	255	255	0
255	17	0	0	255	255	0
255	17	0	1	255	255	0
255	17	1	0	255	255	0
255	17	1	1	255	255	0
256	0	0	0	256	256	0
256	0	0	1	256	256	0
256	0	1	0	256	256	0
256	0	1	1	256	256	0
256	17	0	0	256	256	0
256	17	0	1	256	256	0
256	17	1	0	256	256	0
256	17	1	1	256	256	0
49152	0	0	0	49152	49152	0
49152	0	0	1	49152	49152	0
49152	0	1	0	49152	49152	0
49152	0	1	1	49152	49152	0
49152	17	0	0	49152	49152	0
49152	17	0	1	49152	49152	0
49152	17	1	0	49152	49152	0
49152	17	1	1	49152	49152	0
49153	0	0	0	49153	49153	0
49153	0	0	1	49153	49153	0
49153	0	1	0	49153	49153	0
49153	0	1	1	49153	49153	0
49153	17	0	0	49153	49153	0
49153	17	0	1	49153	49153	0
49153	17	1	0	49153	49153	0
49153	17	1	1	49153	49153	0
49154	0	0	0	49154	49154	0
49154	0	0	1	49154	49154	0
49154	0	1	0	49154	49154	0
49154	0	1	1	49154	49154	0
49154	17	0	0	49154	49154	0
49154	17	0	1	49154	49154	0
49154	17	1	0	49154	49154	0
49154	17	1	1	49154	49154	0
49156	0	0	0	49156	49156	0
49156	0	0	1	49156	49156	0
49156	0	1	0	49156	49156	0
49156	0	1	1	49156	49156	0
49156	17	0	0	49156	49156	0
49156	17	0	1	49156	49156	0
49156	17	1	0	49156	49156	0
49156	17	1	1	49156	49156	0
49157	0	0	0	49157	49157	0
49157	0	0	1	49157	49157	0
49157	0	1	0	49157	49157	0
49157	0	1	1	49157	49157	0
49157	17	0	0	49157	49157	0
49157	17	0	1	49157	49157	0
49157	17	1	0	49157	49157	0
49157	17	1	1	49157	49157	0
49159	0	0	0	49159	49159	0
49159	0	0	1	49159	49159	0
49159	0	1	0	49159	49159	0
49159	0	1	1	49159	49159	0
49159	17	0	0	49159	49159	0
49159	17	0	1	49159	49159	0
49159	17	1	0	49159	49159	0
49159	17	1	1	49159	49159	0
65536	0	0	0	65536	0	0
65536	0	0	1	65536	0	0
65536	0	1	0	65536	0	0
65536	0	1	1	65536	0	0
65536	17	0	0	65536	0	0
65536	17	0	1	65536	0	0
65536	17	1	0	65536	0	0
65536	17	1	1	65536	0	0
2147483648	0	0	0	2147483648	0	0
2147483648	0	0	1	2147483648	0	0
2147483648	0	1	0	2147483648	0	0
2147483648	0	1	1	2147483648	0	0
2147483648	17	0	0	2147483648	0	0
2147483648	17	0	1	2147483648	0	0
2147483648	17	1	0	2147483648	0	0
2147483648	17	1	1	2147483648	0	0
4294967295	0	0	0	4294967295	65535	0
4294967295	0	0	1	4294967295	65535	0
4294967295	0	1	0	4294967295	65535	0
4294967295	0	1	1	4294967295	65535	0
4294967295	17	0	0	4294967295	65535	0
4294967295	17	0	1	4294967295	65535	0
4294967295	17	1	0	4294967295	65535	0
4294967295	17	1	1	4294967295	65535	0
