name	vertices	nx_bits	ny_bits	nz_bits	gap_bits
flat_up	0.0,0.0,0.0,10.0,0.0,0.0,10.0,0.0,10.0,0.0,0.20000000298023224,10.0	2147483648	1065351538	0	1045220557
flat_down	10.0,0.0,10.0,10.0,0.0,0.0,0.0,0.0,0.0,0.0,0.20000000298023224,10.0	0	3212836864	0	1045220557
sloped	0.0,0.0,0.0,10.0,1.0,0.0,10.0,2.0,10.0,0.0,3.0,10.0	3184183359	1065187919	3184183359	1073741824
vertical	0.0,0.0,0.0,0.0,1.0,0.0,0.0,2.0,10.0,0.0,3.0,10.0	3212836864	0	2147483648	2143289344
degenerate	0.0,0.0,0.0,0.0,0.0,0.0,0.0,0.0,0.0,0.0,1.0,10.0	0	1065351538	0	1065353216
tiny	0.0,0.0,0.0,0.009999999776482582,0.0,0.0,0.009999999776482582,0.0,0.009999999776482582,0.0,1.0,0.009999999776482582	2147483648	1065351538	0	1065353216
near_threshold	0.0,0.0,0.0,1.0,0.0,0.0,1.0,0.0,0.009999999776482582,0.0,0.10000000149011612,0.009999999776482582	2147483648	1065351538	0	1036831949
above_threshold	0.0,0.0,0.0,1.0,0.0,0.0,1.0,0.0,0.010999999940395355,0.0,0.10000000149011612,0.010999999940395355	2147483648	1065351538	0	1036831949
negative_height	0.0,0.0,0.0,10.0,0.0,0.0,10.0,0.0,10.0,0.0,-0.20000000298023224,10.0	2147483648	1065351538	0	1045220557
shifted	2.0,3.0,4.0,5.0,3.200000047683716,4.0,5.0,3.5,8.0,2.0,3.799999952316284,8.0	3179796962	1065269380	3180909850	1056964608
