flags	vertices	split
0	0.0,0.0,0.0,10.0,0.0,0.0,10.0,0.0,10.0,0.0,0.0,10.0	0
1	0.0,0.0,0.0,10.0,0.0,0.0,10.0,0.0,10.0,0.0,0.0,10.0	0
0	0.0,0.0,0.0,10.0,0.0,0.0,10.0,0.0,10.0,0.0,0.039000000804662704,10.0	0
1	0.0,0.0,0.0,10.0,0.0,0.0,10.0,0.0,10.0,0.0,0.039000000804662704,10.0	0
0	0.0,0.0,0.0,10.0,0.0,0.0,10.0,0.0,10.0,0.0,0.03999999910593033,10.0	0
1	0.0,0.0,0.0,10.0,0.0,0.0,10.0,0.0,10.0,0.0,0.03999999910593033,10.0	0
0	0.0,0.0,0.0,10.0,0.0,0.0,10.0,0.0,10.0,0.0,0.04100000113248825,10.0	0
1	0.0,0.0,0.0,10.0,0.0,0.0,10.0,0.0,10.0,0.0,0.04100000113248825,10.0	1
0	0.0,0.0,0.0,10.0,0.0,0.0,10.0,0.0,10.0,0.0,0.20000000298023224,10.0	0
1	0.0,0.0,0.0,10.0,0.0,0.0,10.0,0.0,10.0,0.0,0.20000000298023224,10.0	1
