count	v0_x	v0_y	v0_z	v1_x	v1_y	v1_z	v2_x	v2_y	v2_z	v3_x	v3_y	v3_z	px	py	pz	winding	contains	cx	cy	cz
3	0.0	0.0	0.0	10.0	2.0	0.0	0.0	4.0	10.0	0.0	0.0	0.0	2.0	0.0	2.0	1	1	3.3333334922790527	2.0	3.3333334922790527
3	0.0	0.0	0.0	10.0	2.0	0.0	0.0	4.0	10.0	0.0	0.0	0.0	2.0	90.0	2.0	1	1	3.3333334922790527	2.0	3.3333334922790527
3	0.0	0.0	0.0	10.0	2.0	0.0	0.0	4.0	10.0	0.0	0.0	0.0	20.0	0.0	20.0	1	0	3.3333334922790527	2.0	3.3333334922790527
3	0.0	0.0	0.0	10.0	2.0	0.0	0.0	4.0	10.0	0.0	0.0	0.0	0.0	0.0	0.0	1	1	3.3333334922790527	2.0	3.3333334922790527
3	0.0	0.0	0.0	10.0	2.0	0.0	0.0	4.0	10.0	0.0	0.0	0.0	10.0	0.0	0.0	1	1	3.3333334922790527	2.0	3.3333334922790527
3	0.0	0.0	0.0	10.0	2.0	0.0	0.0	4.0	10.0	0.0	0.0	0.0	5.0	0.0	0.0	1	1	3.3333334922790527	2.0	3.3333334922790527
3	0.0	0.0	0.0	10.0	2.0	0.0	0.0	4.0	10.0	0.0	0.0	0.0	-1e-05	0.0	2.0	1	0	3.3333334922790527	2.0	3.3333334922790527
3	0.0	0.0	0.0	10.0	2.0	0.0	0.0	4.0	10.0	0.0	0.0	0.0	1e-05	0.0	2.0	1	1	3.3333334922790527	2.0	3.3333334922790527
3	0.0	0.0	0.0	10.0	2.0	0.0	0.0	4.0	10.0	0.0	0.0	0.0	5.0	0.0	5.0	1	1	3.3333334922790527	2.0	3.3333334922790527
3	0.0	4.0	10.0	10.0	2.0	0.0	0.0	0.0	0.0	0.0	0.0	0.0	2.0	0.0	2.0	0	1	3.3333334922790527	2.0	3.3333334922790527
3	0.0	4.0	10.0	10.0	2.0	0.0	0.0	0.0	0.0	0.0	0.0	0.0	2.0	90.0	2.0	0	1	3.3333334922790527	2.0	3.3333334922790527
3	0.0	4.0	10.0	10.0	2.0	0.0	0.0	0.0	0.0	0.0	0.0	0.0	20.0	0.0	20.0	0	0	3.3333334922790527	2.0	3.3333334922790527
3	0.0	4.0	10.0	10.0	2.0	0.0	0.0	0.0	0.0	0.0	0.0	0.0	0.0	0.0	0.0	0	1	3.3333334922790527	2.0	3.3333334922790527
3	0.0	4.0	10.0	10.0	2.0	0.0	0.0	0.0	0.0	0.0	0.0	0.0	10.0	0.0	0.0	0	0	3.3333334922790527	2.0	3.3333334922790527
3	0.0	4.0	10.0	10.0	2.0	0.0	0.0	0.0	0.0	0.0	0.0	0.0	5.0	0.0	0.0	0	1	3.3333334922790527	2.0	3.3333334922790527
3	0.0	4.0	10.0	10.0	2.0	0.0	0.0	0.0	0.0	0.0	0.0	0.0	-1e-05	0.0	2.0	0	0	3.3333334922790527	2.0	3.3333334922790527
3	0.0	4.0	10.0	10.0	2.0	0.0	0.0	0.0	0.0	0.0	0.0	0.0	1e-05	0.0	2.0	0	1	3.3333334922790527	2.0	3.3333334922790527
3	0.0	4.0	10.0	10.0	2.0	0.0	0.0	0.0	0.0	0.0	0.0	0.0	5.0	0.0	5.0	0	1	3.3333334922790527	2.0	3.3333334922790527
4	0.0	0.0	0.0	10.0	2.0	0.0	10.0	4.0	10.0	0.0	2.0	10.0	2.0	0.0	2.0	1	1	5.0	2.0	5.0
4	0.0	0.0	0.0	10.0	2.0	0.0	10.0	4.0	10.0	0.0	2.0	10.0	2.0	90.0	2.0	1	1	5.0	2.0	5.0
4	0.0	0.0	0.0	10.0	2.0	0.0	10.0	4.0	10.0	0.0	2.0	10.0	20.0	0.0	20.0	1	0	5.0	2.0	5.0
4	0.0	0.0	0.0	10.0	2.0	0.0	10.0	4.0	10.0	0.0	2.0	10.0	0.0	0.0	0.0	1	1	5.0	2.0	5.0
4	0.0	0.0	0.0	10.0	2.0	0.0	10.0	4.0	10.0	0.0	2.0	10.0	10.0	0.0	0.0	1	1	5.0	2.0	5.0
4	0.0	0.0	0.0	10.0	2.0	0.0	10.0	4.0	10.0	0.0	2.0	10.0	5.0	0.0	0.0	1	1	5.0	2.0	5.0
4	0.0	0.0	0.0	10.0	2.0	0.0	10.0	4.0	10.0	0.0	2.0	10.0	-1e-05	0.0	2.0	1	0	5.0	2.0	5.0
4	0.0	0.0	0.0	10.0	2.0	0.0	10.0	4.0	10.0	0.0	2.0	10.0	1e-05	0.0	2.0	1	1	5.0	2.0	5.0
4	0.0	0.0	0.0	10.0	2.0	0.0	10.0	4.0	10.0	0.0	2.0	10.0	5.0	0.0	5.0	1	1	5.0	2.0	5.0
4	0.0	2.0	10.0	10.0	4.0	10.0	10.0	2.0	0.0	0.0	0.0	0.0	2.0	0.0	2.0	0	1	5.0	2.0	5.0
4	0.0	2.0	10.0	10.0	4.0	10.0	10.0	2.0	0.0	0.0	0.0	0.0	2.0	90.0	2.0	0	1	5.0	2.0	5.0
4	0.0	2.0	10.0	10.0	4.0	10.0	10.0	2.0	0.0	0.0	0.0	0.0	20.0	0.0	20.0	0	0	5.0	2.0	5.0
4	0.0	2.0	10.0	10.0	4.0	10.0	10.0	2.0	0.0	0.0	0.0	0.0	0.0	0.0	0.0	0	1	5.0	2.0	5.0
4	0.0	2.0	10.0	10.0	4.0	10.0	10.0	2.0	0.0	0.0	0.0	0.0	10.0	0.0	0.0	0	1	5.0	2.0	5.0
4	0.0	2.0	10.0	10.0	4.0	10.0	10.0	2.0	0.0	0.0	0.0	0.0	5.0	0.0	0.0	0	1	5.0	2.0	5.0
4	0.0	2.0	10.0	10.0	4.0	10.0	10.0	2.0	0.0	0.0	0.0	0.0	-1e-05	0.0	2.0	0	0	5.0	2.0	5.0
4	0.0	2.0	10.0	10.0	4.0	10.0	10.0	2.0	0.0	0.0	0.0	0.0	1e-05	0.0	2.0	0	1	5.0	2.0	5.0
4	0.0	2.0	10.0	10.0	4.0	10.0	10.0	2.0	0.0	0.0	0.0	0.0	5.0	0.0	5.0	0	1	5.0	2.0	5.0
