case	vertices	point	reuse	polygon	node	normal	base	height
stacked	0.0,0.0,0.0,0.0,0.0,10.0,10.0,0.0,0.0/0.0,10.0,0.0,0.0,10.0,10.0,10.0,10.0,0.0	1.0,1.0,1.0	1	0	0	0.0,0.9998999834060669,-0.0	0.0,0.0,0.0	0.0
stacked	0.0,0.0,0.0,0.0,0.0,10.0,10.0,0.0,0.0/0.0,10.0,0.0,0.0,10.0,10.0,10.0,10.0,0.0	1.0,9.0,1.0	1	0	0	0.0,0.9998999834060669,-0.0	0.0,0.0,0.0	0.0
stacked	0.0,0.0,0.0,0.0,0.0,10.0,10.0,0.0,0.0/0.0,10.0,0.0,0.0,10.0,10.0,10.0,10.0,0.0	1.0,9.0,1.0	0	1	0	0.0,0.9998999834060669,-0.0	0.0,10.0,0.0	10.0
stacked	0.0,0.0,0.0,0.0,0.0,10.0,10.0,0.0,0.0/0.0,10.0,0.0,0.0,10.0,10.0,10.0,10.0,0.0	20.0,0.0,20.0	1	-	0	-	-	-
triangle_slope	0.0,0.0,0.0,0.0,2.0,10.0,10.0,4.0,0.0	2.0,3.0,2.0	1	0	0	-0.3651483654975891,0.9128709435462952,-0.18257418274879456	0.0,0.0,0.0	1.1999999284744263
triangle_slope	0.0,0.0,0.0,0.0,2.0,10.0,10.0,4.0,0.0	2.0,8.0,2.0	0	0	0	-0.3651483654975891,0.9128709435462952,-0.18257418274879456	0.0,0.0,0.0	1.1999999284744263
triangle_reverse	10.0,4.0,0.0,0.0,2.0,10.0,0.0,0.0,0.0	2.0,3.0,2.0	1	0	0	-0.3651483654975891,0.9128709435462952,-0.18257418274879456	10.0,4.0,0.0	1.2000000476837158
quad_twist	0.0,0.0,0.0,0.0,2.0,10.0,10.0,4.0,10.0,10.0,1.0,0.0	2.0,3.0,2.0	1	0	0	-0.14400461316108704,0.960030734539032,-0.240007683634758	0.0,0.0,0.0	0.800000011920929
quad_twist	0.0,0.0,0.0,0.0,2.0,10.0,10.0,4.0,10.0,10.0,1.0,0.0	5.0,0.0,5.0	1	0	0	-0.14400461316108704,0.960030734539032,-0.240007683634758	0.0,0.0,0.0	2.0
quad_reverse	10.0,1.0,0.0,10.0,4.0,10.0,0.0,2.0,10.0,0.0,0.0,0.0	2.0,3.0,2.0	1	0	0	-0.14400461316108704,0.960030734539032,-0.240007683634758	10.0,1.0,0.0	0.29999998211860657
